ts,service,incident_id,burn_5x,burn_1x
2026-08-01 01:43:56.158558464,search-api,INC-0037,0.01657,0.00233
2026-08-01 01:48:56.158558464,search-api,INC-0037,0.05166,0.02307
2026-08-01 01:53:56.158558464,search-api,INC-0037,0.07281,0.02627
2026-08-01 01:58:56.158558464,search-api,INC-0037,0.08077,0.00033
2026-08-01 02:03:56.158558464,search-api,INC-0037,0.01066,0.01118
2026-08-01 02:08:56.158558464,search-api,INC-0037,0.0117,0.00267
2026-08-01 02:13:56.158558464,search-api,INC-0037,0.0022,0.012
2026-08-01 02:18:56.158558464,search-api,INC-0037,0.07583,0.01398
2026-08-01 02:23:56.158558464,search-api,INC-0037,2.23382,0.02485
2026-08-01 02:28:56.158558464,search-api,INC-0037,0.52379,0.01601
2026-08-01 02:33:56.158558464,search-api,INC-0037,0.13438,0.06905
2026-08-01 02:38:56.158558464,search-api,INC-0037,0.50224,0.30228
2026-08-01 02:43:56.158558464,search-api,INC-0037,0.01495,0.00437
2026-08-01 02:48:56.158558464,search-api,INC-0037,0.21806,0.15642
2026-08-01 02:53:56.158558464,search-api,INC-0037,0.31335,0.23426
2026-08-01 02:58:56.158558464,search-api,INC-0037,1.51179,0.01402
2026-08-01 03:03:56.158558464,search-api,INC-0037,0.03823,0.00719
2026-08-01 03:08:56.158558464,search-api,INC-0037,0.02777,0.00125
2026-08-01 03:13:56.158558464,search-api,INC-0037,0.07765,0.00478
2026-08-01 03:18:56.158558464,search-api,INC-0037,0.02155,0.00828
2026-08-01 03:23:56.158558464,search-api,INC-0037,0.02752,0.00401
2026-08-01 03:28:56.158558464,search-api,INC-0037,0.01436,0.0268
2026-08-01 03:33:56.158558464,search-api,INC-0037,0.00135,0.00206
2026-08-01 03:38:56.158558464,search-api,INC-0037,0.05781,0.00076
2026-08-01 20:36:33.160857088,billing-worker,INC-0012,0.2618,0.12634
2026-08-01 20:41:33.160857088,billing-worker,INC-0012,0.93663,0.01697
2026-08-01 20:46:33.160857088,billing-worker,INC-0012,0.2211,0.2114
2026-08-01 20:51:33.160857088,billing-worker,INC-0012,1.34841,0.01576
2026-08-01 20:56:33.160857088,billing-worker,INC-0012,0.05396,0.00274
2026-08-01 21:01:33.160857088,billing-worker,INC-0012,0.05754,0.04786
2026-08-01 21:06:33.160857088,billing-worker,INC-0012,1.81046,0.00429
2026-08-01 21:11:33.160857088,billing-worker,INC-0012,0.35657,0.08319
2026-08-01 21:16:33.160857088,billing-worker,INC-0012,0.00562,0.05158
2026-08-02 19:17:01.286824192,billing-worker,INC-0043,0.0578,0.00702
2026-08-02 19:22:01.286824192,billing-worker,INC-0043,0.01852,0.01657
2026-08-02 19:27:01.286824192,billing-worker,INC-0043,0.01174,0.00549
2026-08-02 19:32:01.286824192,billing-worker,INC-0043,2.335,0.00295
2026-08-02 19:37:01.286824192,billing-worker,INC-0043,1.15453,0.04501
2026-08-02 19:42:01.286824192,billing-worker,INC-0043,2.42099,0.00749
2026-08-02 19:47:01.286824192,billing-worker,INC-0043,0.19623,0.01943
2026-08-02 19:52:01.286824192,billing-worker,INC-0043,3.55755,0.02327
2026-08-02 19:57:01.286824192,billing-worker,INC-0043,2.33876,0.03379
2026-08-02 20:02:01.286824192,billing-worker,INC-0043,3.73853,0.00827
2026-08-02 20:07:01.286824192,billing-worker,INC-0043,0.62333,0.09181
2026-08-02 20:12:01.286824192,billing-worker,INC-0043,0.06976,0.00395
2026-08-02 20:17:01.286824192,billing-worker,INC-0043,0.01454,0.00767
2026-08-02 20:22:01.286824192,billing-worker,INC-0043,0.02852,0.00415
2026-08-03 01:52:11.153496832,billing-worker,INC-0050,0.02247,0.00956
2026-08-03 01:57:11.153496832,billing-worker,INC-0050,0.03203,0.01579
2026-08-03 02:02:11.153496832,billing-worker,INC-0050,0.01007,0.01176
2026-08-03 02:07:11.153496832,billing-worker,INC-0050,0.00219,0.0057
2026-08-03 02:12:11.153496832,billing-worker,INC-0050,0.43794,0.06736
2026-08-03 02:17:11.153496832,billing-worker,INC-0050,0.03361,0.04814
2026-08-03 02:22:11.153496832,billing-worker,INC-0050,0.42957,0.16222
2026-08-03 02:27:11.153496832,billing-worker,INC-0050,1.97046,0.0383
2026-08-03 02:32:11.153496832,billing-worker,INC-0050,1.32062,0.05377
2026-08-03 02:37:11.153496832,billing-worker,INC-0050,0.11049,0.01872
2026-08-03 02:42:11.153496832,billing-worker,INC-0050,0.18906,0.04926
2026-08-03 02:47:11.153496832,billing-worker,INC-0050,0.63933,0.03377
2026-08-03 02:52:11.153496832,billing-worker,INC-0050,0.03633,0.01015
2026-08-03 02:57:11.153496832,billing-worker,INC-0050,0.07808,0.00887
2026-08-03 03:02:11.153496832,billing-worker,INC-0050,0.04136,0.02533
2026-08-03 03:07:11.153496832,billing-worker,INC-0050,0.00665,0.00425
2026-08-03 04:55:59.833645312,notifications,INC-0060,0.10196,0.03656
2026-08-03 05:00:59.833645312,notifications,INC-0060,0.13034,0.00997
2026-08-03 05:05:59.833645312,notifications,INC-0060,0.00994,0.00132
2026-08-03 05:10:59.833645312,notifications,INC-0060,0.0802,0.00601
2026-08-03 05:15:59.833645312,notifications,INC-0060,0.04516,0.0002
2026-08-03 05:20:59.833645312,notifications,INC-0060,0.01032,0.01231
2026-08-03 05:25:59.833645312,notifications,INC-0060,0.00816,0.00621
2026-08-03 05:30:59.833645312,notifications,INC-0060,0.75721,0.19906
2026-08-03 05:35:59.833645312,notifications,INC-0060,0.27,0.0189
2026-08-03 05:40:59.833645312,notifications,INC-0060,0.28678,0.00227
2026-08-03 05:45:59.833645312,notifications,INC-0060,0.90944,0.09746
2026-08-03 05:50:59.833645312,notifications,INC-0060,1.29131,0.02276
2026-08-03 05:55:59.833645312,notifications,INC-0060,5.23893,0.13913
2026-08-03 06:00:59.833645312,notifications,INC-0060,0.21007,0.21981
2026-08-03 06:05:59.833645312,notifications,INC-0060,0.68809,0.03032
2026-08-03 06:10:59.833645312,notifications,INC-0060,0.01305,0.00479
2026-08-03 06:15:59.833645312,notifications,INC-0060,0.05194,0.00438
2026-08-03 06:20:59.833645312,notifications,INC-0060,0.0038,0.00429
2026-08-03 06:25:59.833645312,notifications,INC-0060,0.00678,0.01691
2026-08-03 06:30:59.833645312,notifications,INC-0060,0.24628,0.00463
2026-08-03 06:35:59.833645312,notifications,INC-0060,6e-05,0.00902
2026-08-03 06:40:59.833645312,notifications,INC-0060,0.00696,0.00628
2026-08-04 14:58:11.307313152,auth-service,INC-0013,0.00551,0.00444
2026-08-04 15:03:11.307313152,auth-service,INC-0013,0.0652,0.02061
2026-08-04 15:08:11.307313152,auth-service,INC-0013,0.0376,0.0004
2026-08-04 15:13:11.307313152,auth-service,INC-0013,0.15323,0.00131
2026-08-04 15:18:11.307313152,auth-service,INC-0013,0.04842,0.02433
2026-08-04 15:23:11.307313152,auth-service,INC-0013,0.07425,0.00929
2026-08-04 15:28:11.307313152,auth-service,INC-0013,0.05746,0.00728
2026-08-04 15:33:11.307313152,auth-service,INC-0013,1.52768,0.01776
2026-08-04 15:38:11.307313152,auth-service,INC-0013,0.1233,0.08943
2026-08-04 15:43:11.307313152,auth-service,INC-0013,0.56733,0.02006
2026-08-04 15:48:11.307313152,auth-service,INC-0013,1.70843,0.01785
2026-08-04 15:53:11.307313152,auth-service,INC-0013,0.5779,0.04092
2026-08-04 15:58:11.307313152,auth-service,INC-0013,0.41449,0.00227
2026-08-04 16:03:11.307313152,auth-service,INC-0013,0.56532,0.00701
2026-08-04 16:08:11.307313152,auth-service,INC-0013,0.12652,0.0088
2026-08-04 16:13:11.307313152,auth-service,INC-0013,0.08183,0.01905
2026-08-04 16:18:11.307313152,auth-service,INC-0013,0.00513,0.02768
2026-08-04 16:23:11.307313152,auth-service,INC-0013,0.0752,0.01
2026-08-04 16:28:11.307313152,auth-service,INC-0013,0.04311,0.00683
2026-08-04 16:33:11.307313152,auth-service,INC-0013,0.21804,0.00276
2026-08-04 16:38:11.307313152,auth-service,INC-0013,0.2135,0.02078
2026-08-04 16:43:11.307313152,auth-service,INC-0013,0.00161,0.00625
2026-08-04 16:48:11.307313152,auth-service,INC-0013,0.05929,0.03565
2026-08-05 08:05:07.818710528,notifications,INC-0049,0.02561,0.0177
2026-08-05 08:10:07.818710528,notifications,INC-0049,0.00991,0.00222
2026-08-05 08:15:07.818710528,notifications,INC-0049,0.06262,0.00102
2026-08-05 08:20:07.818710528,notifications,INC-0049,0.06406,0.03925
2026-08-05 08:25:07.818710528,notifications,INC-0049,0.01064,0.00098
2026-08-05 08:30:07.818710528,notifications,INC-0049,0.01882,0.01517
2026-08-05 08:35:07.818710528,notifications,INC-0049,0.08249,0.01474
2026-08-05 08:40:07.818710528,notifications,INC-0049,0.04516,0.00231
2026-08-05 08:45:07.818710528,notifications,INC-0049,0.2756,0.03925
2026-08-05 08:50:07.818710528,notifications,INC-0049,0.84465,0.13515
2026-08-05 08:55:07.818710528,notifications,INC-0049,0.35882,0.02515
2026-08-05 09:00:07.818710528,notifications,INC-0049,0.76635,0.37277
2026-08-05 09:05:07.818710528,notifications,INC-0049,0.04213,0.29908
2026-08-05 09:10:07.818710528,notifications,INC-0049,1.18819,0.13476
2026-08-05 09:15:07.818710528,notifications,INC-0049,0.95304,0.00707
2026-08-05 09:20:07.818710528,notifications,INC-0049,0.67796,0.02439
2026-08-05 09:25:07.818710528,notifications,INC-0049,0.00852,0.00119
2026-08-05 09:30:07.818710528,notifications,INC-0049,0.03958,0.00927
2026-08-05 09:35:07.818710528,notifications,INC-0049,0.03488,0.00527
2026-08-05 09:40:07.818710528,notifications,INC-0049,0.00465,0.0098
2026-08-05 09:45:07.818710528,notifications,INC-0049,0.13378,0.00599
2026-08-05 09:50:07.818710528,notifications,INC-0049,0.0065,0.00197
2026-08-05 09:55:07.818710528,notifications,INC-0049,0.02981,0.00071
2026-08-05 10:00:07.818710528,notifications,INC-0049,0.00299,0.00892
2026-08-05 14:57:22.541773568,billing-worker,INC-0021,0.05259,0.00227
2026-08-05 15:02:22.541773568,billing-worker,INC-0021,0.05094,0.00059
2026-08-05 15:07:22.541773568,billing-worker,INC-0021,0.09212,0.01465
2026-08-05 15:12:22.541773568,billing-worker,INC-0021,0.17366,0.03909
2026-08-05 15:17:22.541773568,billing-worker,INC-0021,0.21107,0.21956
2026-08-05 15:22:22.541773568,billing-worker,INC-0021,2.15641,0.04726
2026-08-05 15:27:22.541773568,billing-worker,INC-0021,1.0564,0.06889
2026-08-05 15:32:22.541773568,billing-worker,INC-0021,0.89756,0.00369
2026-08-05 15:37:22.541773568,billing-worker,INC-0021,0.69537,0.0006
2026-08-05 15:42:22.541773568,billing-worker,INC-0021,1.06205,0.08165
2026-08-05 15:47:22.541773568,billing-worker,INC-0021,1.96098,0.01456
2026-08-05 15:52:22.541773568,billing-worker,INC-0021,0.00255,0.0035
2026-08-05 15:57:22.541773568,billing-worker,INC-0021,0.15388,0.00037
2026-08-05 16:02:22.541773568,billing-worker,INC-0021,0.01985,0.00541
2026-08-07 05:17:41.261338368,search-api,INC-0055,0.03882,0.00712
2026-08-07 05:22:41.261338368,search-api,INC-0055,0.08471,0.01957
2026-08-07 05:27:41.261338368,search-api,INC-0055,0.07652,0.0153
2026-08-07 05:32:41.261338368,search-api,INC-0055,0.00072,0.00211
2026-08-07 05:37:41.261338368,search-api,INC-0055,0.0372,0.00153
2026-08-07 05:42:41.261338368,search-api,INC-0055,0.06301,0.01283
2026-08-07 05:47:41.261338368,search-api,INC-0055,0.18435,0.00238
2026-08-07 05:52:41.261338368,search-api,INC-0055,0.04439,0.01051
2026-08-07 05:57:41.261338368,search-api,INC-0055,0.73968,0.00636
2026-08-07 06:02:41.261338368,search-api,INC-0055,1.70747,0.08913
2026-08-07 06:07:41.261338368,search-api,INC-0055,0.87223,0.01038
2026-08-07 06:12:41.261338368,search-api,INC-0055,0.11171,0.14632
2026-08-07 06:17:41.261338368,search-api,INC-0055,0.41454,0.00373
2026-08-07 06:22:41.261338368,search-api,INC-0055,1.31217,0.00187
2026-08-07 06:27:41.261338368,search-api,INC-0055,0.05771,0.12582
2026-08-07 06:32:41.261338368,search-api,INC-0055,0.63178,0.02072
2026-08-07 06:37:41.261338368,search-api,INC-0055,0.00231,0.00494
2026-08-07 06:42:41.261338368,search-api,INC-0055,0.03932,0.0101
2026-08-07 06:47:41.261338368,search-api,INC-0055,0.02264,0.00017
2026-08-07 06:52:41.261338368,search-api,INC-0055,0.00316,0.01457
2026-08-07 06:57:41.261338368,search-api,INC-0055,0.01071,0.00226
2026-08-07 07:02:41.261338368,search-api,INC-0055,0.08695,0.00081
2026-08-07 07:07:41.261338368,search-api,INC-0055,0.03985,0.01171
2026-08-07 07:12:41.261338368,search-api,INC-0055,0.03991,0.0029
2026-08-07 10:47:47.990188800,notifications,INC-0034,0.00554,0.00508
2026-08-07 10:52:47.990188800,notifications,INC-0034,0.0365,0.00192
2026-08-07 10:57:47.990188800,notifications,INC-0034,0.08311,0.00946
2026-08-07 11:02:47.990188800,notifications,INC-0034,0.01046,0.00632
2026-08-07 11:07:47.990188800,notifications,INC-0034,0.123,0.01258
2026-08-07 11:12:47.990188800,notifications,INC-0034,0.28515,0.02005
2026-08-07 11:17:47.990188800,notifications,INC-0034,0.07627,0.07054
2026-08-07 11:22:47.990188800,notifications,INC-0034,0.10536,0.46254
2026-08-07 11:27:47.990188800,notifications,INC-0034,2.12778,0.0907
2026-08-07 11:32:47.990188800,notifications,INC-0034,0.14625,0.02549
2026-08-07 11:37:47.990188800,notifications,INC-0034,0.06574,0.01178
2026-08-07 11:42:47.990188800,notifications,INC-0034,0.68025,0.0275
2026-08-07 11:47:47.990188800,notifications,INC-0034,0.00176,0.0104
2026-08-07 11:52:47.990188800,notifications,INC-0034,0.1331,0.00403
2026-08-07 11:57:47.990188800,notifications,INC-0034,0.01322,0.02971
2026-08-07 12:02:47.990188800,notifications,INC-0034,0.00109,0.00329
2026-08-08 22:57:03.031352832,search-api,INC-0009,0.02482,0.02721
2026-08-08 23:02:03.031352832,search-api,INC-0009,0.55721,0.05055
2026-08-08 23:07:03.031352832,search-api,INC-0009,1.63839,0.09276
2026-08-08 23:12:03.031352832,search-api,INC-0009,6.07022,0.03262
2026-08-08 23:17:03.031352832,search-api,INC-0009,1.81335,0.06002
2026-08-08 23:22:03.031352832,search-api,INC-0009,0.21686,0.10588
2026-08-08 23:27:03.031352832,search-api,INC-0009,0.77839,0.12492
2026-08-08 23:32:03.031352832,search-api,INC-0009,1.23976,0.02231
2026-08-08 23:37:03.031352832,search-api,INC-0009,0.39238,0.02917
2026-08-08 23:42:03.031352832,search-api,INC-0009,0.00793,0.00581
2026-08-09 13:23:04.408332288,search-api,INC-0047,0.08964,0.00386
2026-08-09 13:28:04.408332288,search-api,INC-0047,0.16147,0.01217
2026-08-09 13:33:04.408332288,search-api,INC-0047,0.09012,0.00673
2026-08-09 13:38:04.408332288,search-api,INC-0047,0.02571,0.01121
2026-08-09 13:43:04.408332288,search-api,INC-0047,0.02603,0.00646
2026-08-09 13:48:04.408332288,search-api,INC-0047,0.4976,0.17551
2026-08-09 13:53:04.408332288,search-api,INC-0047,0.1858,0.0035
2026-08-09 13:58:04.408332288,search-api,INC-0047,0.19012,0.05314
2026-08-09 14:03:04.408332288,search-api,INC-0047,0.10966,0.13693
2026-08-09 14:08:04.408332288,search-api,INC-0047,0.10018,0.00323
2026-08-09 14:13:04.408332288,search-api,INC-0047,0.655,0.20941
2026-08-09 14:18:04.408332288,search-api,INC-0047,0.19043,0.0137
2026-08-09 14:23:04.408332288,search-api,INC-0047,1.71857,0.05928
2026-08-09 14:28:04.408332288,search-api,INC-0047,0.06271,0.0179
2026-08-09 14:33:04.408332288,search-api,INC-0047,0.16354,0.02041
2026-08-09 14:38:04.408332288,search-api,INC-0047,0.01355,0.03274
2026-08-09 14:43:04.408332288,search-api,INC-0047,0.05171,0.00754
2026-08-09 14:48:04.408332288,search-api,INC-0047,0.00704,0.00817
2026-08-09 23:27:57.259946496,billing-worker,INC-0048,0.02975,0.00505
2026-08-09 23:32:57.259946496,billing-worker,INC-0048,0.03004,0.01918
2026-08-09 23:37:57.259946496,billing-worker,INC-0048,0.07148,0.00426
2026-08-09 23:42:57.259946496,billing-worker,INC-0048,0.13267,0.00509
2026-08-09 23:47:57.259946496,billing-worker,INC-0048,0.00614,0.02551
2026-08-09 23:52:57.259946496,billing-worker,INC-0048,0.31991,0.00194
2026-08-09 23:57:57.259946496,billing-worker,INC-0048,0.10496,0.04399
2026-08-10 00:02:57.259946496,billing-worker,INC-0048,0.08814,0.09444
2026-08-10 00:07:57.259946496,billing-worker,INC-0048,0.15063,0.00451
2026-08-10 00:12:57.259946496,billing-worker,INC-0048,0.75917,0.07104
2026-08-10 00:17:57.259946496,billing-worker,INC-0048,0.04847,0.22225
2026-08-10 00:22:57.259946496,billing-worker,INC-0048,0.19481,0.03493
2026-08-10 00:27:57.259946496,billing-worker,INC-0048,0.59665,0.05609
2026-08-10 00:32:57.259946496,billing-worker,INC-0048,0.00381,0.00908
2026-08-10 00:37:57.259946496,billing-worker,INC-0048,0.05587,0.00383
2026-08-10 00:42:57.259946496,billing-worker,INC-0048,0.08135,0.00618
2026-08-10 00:47:57.259946496,billing-worker,INC-0048,0.03145,0.01171
2026-08-10 00:52:57.259946496,billing-worker,INC-0048,0.15834,0.00419
2026-08-11 11:15:13.890257408,billing-worker,INC-0028,0.00071,0.01082
2026-08-11 11:20:13.890257408,billing-worker,INC-0028,0.01858,0.01361
2026-08-11 11:25:13.890257408,billing-worker,INC-0028,0.06968,0.00602
2026-08-11 11:30:13.890257408,billing-worker,INC-0028,0.09653,0.01074
2026-08-11 11:35:13.890257408,billing-worker,INC-0028,0.26001,0.00669
2026-08-11 11:40:13.890257408,billing-worker,INC-0028,0.08302,0.01897
2026-08-11 11:45:13.890257408,billing-worker,INC-0028,0.04202,0.03855
2026-08-11 11:50:13.890257408,billing-worker,INC-0028,0.00605,0.01199
2026-08-11 11:55:13.890257408,billing-worker,INC-0028,0.86926,0.04229
2026-08-11 12:00:13.890257408,billing-worker,INC-0028,0.06964,0.50469
2026-08-11 12:05:13.890257408,billing-worker,INC-0028,0.00549,0.02318
2026-08-11 12:10:13.890257408,billing-worker,INC-0028,1.54664,0.06955
2026-08-11 12:15:13.890257408,billing-worker,INC-0028,0.19044,0.01856
2026-08-11 12:20:13.890257408,billing-worker,INC-0028,1.4762,0.00608
2026-08-11 12:25:13.890257408,billing-worker,INC-0028,0.31624,0.00948
2026-08-11 12:30:13.890257408,billing-worker,INC-0028,0.08489,0.06687
2026-08-11 12:35:13.890257408,billing-worker,INC-0028,0.08921,0.0014
2026-08-11 12:40:13.890257408,billing-worker,INC-0028,0.03781,0.02381
2026-08-11 12:45:13.890257408,billing-worker,INC-0028,0.00496,0.01692
2026-08-11 12:50:13.890257408,billing-worker,INC-0028,0.00039,0.02031
2026-08-11 12:55:13.890257408,billing-worker,INC-0028,0.08598,0.00709
2026-08-11 13:00:13.890257408,billing-worker,INC-0028,0.0136,0.00331
2026-08-11 13:05:13.890257408,billing-worker,INC-0028,0.02667,0.00666
2026-08-11 13:10:13.890257408,billing-worker,INC-0028,0.06822,0.00365
2026-08-12 23:41:27.512532480,search-api,INC-0016,0.00429,0.00125
2026-08-12 23:46:27.512532480,search-api,INC-0016,1.16037,0.47432
2026-08-12 23:51:27.512532480,search-api,INC-0016,0.28129,0.06366
2026-08-12 23:56:27.512532480,search-api,INC-0016,0.52502,0.03148
2026-08-13 00:01:27.512532480,search-api,INC-0016,0.11473,0.03876
2026-08-13 00:06:27.512532480,search-api,INC-0016,0.82847,0.0153
2026-08-13 00:11:27.512532480,search-api,INC-0016,0.56493,0.02343
2026-08-13 00:16:27.512532480,search-api,INC-0016,0.3663,0.04196
2026-08-13 00:21:27.512532480,search-api,INC-0016,0.95518,0.04714
2026-08-13 00:26:27.512532480,search-api,INC-0016,0.02506,0.0051
2026-08-13 21:29:02.403169280,search-api,INC-0030,0.0137,0.02811
2026-08-13 21:34:02.403169280,search-api,INC-0030,0.01498,0.00237
2026-08-13 21:39:02.403169280,search-api,INC-0030,0.45138,0.11337
2026-08-13 21:44:02.403169280,search-api,INC-0030,1.21248,0.05369
2026-08-13 21:49:02.403169280,search-api,INC-0030,3.48309,0.0698
2026-08-13 21:54:02.403169280,search-api,INC-0030,0.27816,0.09302
2026-08-13 21:59:02.403169280,search-api,INC-0030,0.80494,0.02085
2026-08-13 22:04:02.403169280,search-api,INC-0030,0.31671,0.05752
2026-08-13 22:09:02.403169280,search-api,INC-0030,0.5066,0.03378
2026-08-13 22:14:02.403169280,search-api,INC-0030,0.71337,0.00792
2026-08-13 22:19:02.403169280,search-api,INC-0030,0.02577,0.00596
2026-08-13 22:24:02.403169280,search-api,INC-0030,0.00564,0.01627
2026-08-13 22:29:02.403169280,search-api,INC-0030,0.07048,0.0313
2026-08-14 12:38:02.751124992,auth-service,INC-0020,0.00037,0.003
2026-08-14 12:43:02.751124992,auth-service,INC-0020,0.06433,0.15352
2026-08-14 12:48:02.751124992,auth-service,INC-0020,0.17109,0.01785
2026-08-14 12:53:02.751124992,auth-service,INC-0020,0.15827,0.01704
2026-08-14 12:58:02.751124992,auth-service,INC-0020,1.88871,0.07019
2026-08-14 13:03:02.751124992,auth-service,INC-0020,0.44482,0.04829
2026-08-14 13:08:02.751124992,auth-service,INC-0020,0.68428,0.10144
2026-08-14 13:13:02.751124992,auth-service,INC-0020,0.44601,0.17951
2026-08-14 13:18:02.751124992,auth-service,INC-0020,4.42765,0.02366
2026-08-14 13:23:02.751124992,auth-service,INC-0020,0.12258,0.02698
2026-08-16 03:52:08.195228160,notifications,INC-0004,0.05673,0.00523
2026-08-16 03:57:08.195228160,notifications,INC-0004,0.04285,0.00622
2026-08-16 04:02:08.195228160,notifications,INC-0004,0.03838,0.01005
2026-08-16 04:07:08.195228160,notifications,INC-0004,0.01773,0.0194
2026-08-16 04:12:08.195228160,notifications,INC-0004,0.00215,0.00341
2026-08-16 04:17:08.195228160,notifications,INC-0004,0.05741,0.00194
2026-08-16 04:22:08.195228160,notifications,INC-0004,0.03127,0.00576
2026-08-16 04:27:08.195228160,notifications,INC-0004,1.01693,0.10925
2026-08-16 04:32:08.195228160,notifications,INC-0004,0.62203,0.029
2026-08-16 04:37:08.195228160,notifications,INC-0004,1.06103,0.00533
2026-08-16 04:42:08.195228160,notifications,INC-0004,0.37246,0.01882
2026-08-16 04:47:08.195228160,notifications,INC-0004,0.69298,0.12777
2026-08-16 04:52:08.195228160,notifications,INC-0004,0.05581,0.21628
2026-08-16 04:57:08.195228160,notifications,INC-0004,2.56188,7e-05
2026-08-16 05:02:08.195228160,notifications,INC-0004,0.13815,0.11391
2026-08-16 05:07:08.195228160,notifications,INC-0004,0.03052,0.00551
2026-08-16 05:12:08.195228160,notifications,INC-0004,0.02342,0.00371
2026-08-16 05:17:08.195228160,notifications,INC-0004,0.08597,0.03056
2026-08-16 05:22:08.195228160,notifications,INC-0004,0.00392,0.01828
2026-08-16 05:27:08.195228160,notifications,INC-0004,0.00134,0.02018
2026-08-16 05:32:08.195228160,notifications,INC-0004,0.01166,0.00651
2026-08-16 05:37:08.195228160,notifications,INC-0004,0.11481,0.00014
2026-08-16 05:42:08.195228160,notifications,INC-0004,0.03037,0.01883
2026-08-16 12:09:22.514190592,billing-worker,INC-0059,0.02218,0.00355
2026-08-16 12:14:22.514190592,billing-worker,INC-0059,0.03855,0.00753
2026-08-16 12:19:22.514190592,billing-worker,INC-0059,0.04149,0.02142
2026-08-16 12:24:22.514190592,billing-worker,INC-0059,0.0481,0.0109
2026-08-16 12:29:22.514190592,billing-worker,INC-0059,0.01957,0.00646
2026-08-16 12:34:22.514190592,billing-worker,INC-0059,0.03527,0.04266
2026-08-16 12:39:22.514190592,billing-worker,INC-0059,1.06318,0.154
2026-08-16 12:44:22.514190592,billing-worker,INC-0059,0.76337,0.01267
2026-08-16 12:49:22.514190592,billing-worker,INC-0059,2.00041,0.01584
2026-08-16 12:54:22.514190592,billing-worker,INC-0059,0.56665,0.09108
2026-08-16 12:59:22.514190592,billing-worker,INC-0059,0.18032,0.35895
2026-08-16 13:04:22.514190592,billing-worker,INC-0059,0.18159,0.01961
2026-08-16 13:09:22.514190592,billing-worker,INC-0059,1.02149,0.08323
2026-08-16 13:14:22.514190592,billing-worker,INC-0059,0.27924,0.02435
2026-08-16 13:19:22.514190592,billing-worker,INC-0059,0.02321,0.01191
2026-08-16 13:24:22.514190592,billing-worker,INC-0059,0.02815,0.00159
2026-08-16 13:29:22.514190592,billing-worker,INC-0059,0.11744,0.00416
2026-08-16 13:34:22.514190592,billing-worker,INC-0059,0.00536,0.01025
2026-08-16 13:39:22.514190592,billing-worker,INC-0059,0.10418,0.00477
2026-08-16 13:44:22.514190592,billing-worker,INC-0059,0.01533,0.00837
2026-08-17 01:58:41.949728512,notifications,INC-0024,0.01197,0.00231
2026-08-17 02:03:41.949728512,notifications,INC-0024,0.00451,0.0038
2026-08-17 02:08:41.949728512,notifications,INC-0024,0.11202,0.00412
2026-08-17 02:13:41.949728512,notifications,INC-0024,0.08317,0.01142
2026-08-17 02:18:41.949728512,notifications,INC-0024,0.15506,0.00647
2026-08-17 02:23:41.949728512,notifications,INC-0024,0.00958,0.00384
2026-08-17 02:28:41.949728512,notifications,INC-0024,0.086,0.00363
2026-08-17 02:33:41.949728512,notifications,INC-0024,0.0413,0.02299
2026-08-17 02:38:41.949728512,notifications,INC-0024,0.00595,0.00734
2026-08-17 02:43:41.949728512,notifications,INC-0024,0.70649,0.04457
2026-08-17 02:48:41.949728512,notifications,INC-0024,1.22828,0.0505
2026-08-17 02:53:41.949728512,notifications,INC-0024,0.77542,0.14188
2026-08-17 02:58:41.949728512,notifications,INC-0024,0.63691,0.00049
2026-08-17 03:03:41.949728512,notifications,INC-0024,0.7598,0.08237
2026-08-17 03:08:41.949728512,notifications,INC-0024,1.72327,0.0082
2026-08-17 03:13:41.949728512,notifications,INC-0024,1.93452,0.23256
2026-08-17 03:18:41.949728512,notifications,INC-0024,0.37277,0.05499
2026-08-17 03:23:41.949728512,notifications,INC-0024,0.01638,0.00874
2026-08-17 03:28:41.949728512,notifications,INC-0024,0.0489,0.00628
2026-08-17 03:33:41.949728512,notifications,INC-0024,0.00206,0.002
2026-08-17 03:38:41.949728512,notifications,INC-0024,0.07887,0.02681
2026-08-17 03:43:41.949728512,notifications,INC-0024,0.05353,0.02133
2026-08-17 03:48:41.949728512,notifications,INC-0024,0.04185,0.0169
2026-08-17 03:53:41.949728512,notifications,INC-0024,0.06585,0.02878
2026-08-17 03:58:41.949728512,notifications,INC-0024,0.04242,0.00282
2026-08-17 04:03:41.949728512,notifications,INC-0024,0.04252,0.01433
2026-08-17 07:40:44.176277504,checkout-api,INC-0035,0.07637,3e-05
2026-08-17 07:45:44.176277504,checkout-api,INC-0035,0.08397,0.01368
2026-08-17 07:50:44.176277504,checkout-api,INC-0035,0.06861,0.01737
2026-08-17 07:55:44.176277504,checkout-api,INC-0035,0.00535,0.00321
2026-08-17 08:00:44.176277504,checkout-api,INC-0035,0.05786,0.00137
2026-08-17 08:05:44.176277504,checkout-api,INC-0035,0.04065,0.01284
2026-08-17 08:10:44.176277504,checkout-api,INC-0035,0.03246,0.01215
2026-08-17 08:15:44.176277504,checkout-api,INC-0035,0.00582,0.00854
2026-08-17 08:20:44.176277504,checkout-api,INC-0035,0.03184,0.00586
2026-08-17 08:25:44.176277504,checkout-api,INC-0035,0.60259,0.08068
2026-08-17 08:30:44.176277504,checkout-api,INC-0035,0.24275,0.00948
2026-08-17 08:35:44.176277504,checkout-api,INC-0035,0.49978,0.06556
2026-08-17 08:40:44.176277504,checkout-api,INC-0035,0.20778,0.02764
2026-08-17 08:45:44.176277504,checkout-api,INC-0035,1.47019,0.01678
2026-08-17 08:50:44.176277504,checkout-api,INC-0035,0.39413,0.0806
2026-08-17 08:55:44.176277504,checkout-api,INC-0035,0.32331,0.1499
2026-08-17 09:00:44.176277504,checkout-api,INC-0035,0.63726,0.13335
2026-08-17 09:05:44.176277504,checkout-api,INC-0035,0.0668,0.02201
2026-08-17 09:10:44.176277504,checkout-api,INC-0035,0.00238,0.00151
2026-08-17 09:15:44.176277504,checkout-api,INC-0035,0.0615,0.00366
2026-08-17 09:20:44.176277504,checkout-api,INC-0035,0.01292,0.00557
2026-08-17 09:25:44.176277504,checkout-api,INC-0035,0.03625,0.00401
2026-08-17 09:30:44.176277504,checkout-api,INC-0035,0.0128,0.00156
2026-08-17 09:35:44.176277504,checkout-api,INC-0035,0.03083,0.02044
2026-08-17 09:40:44.176277504,checkout-api,INC-0035,0.00048,0.0063
2026-08-17 09:45:44.176277504,checkout-api,INC-0035,0.0683,0.00723
2026-08-17 21:39:32.949103872,checkout-api,INC-0042,0.011,0.00076
2026-08-17 21:44:32.949103872,checkout-api,INC-0042,0.00464,0.00636
2026-08-17 21:49:32.949103872,checkout-api,INC-0042,0.11198,0.00199
2026-08-17 21:54:32.949103872,checkout-api,INC-0042,0.15583,0.01706
2026-08-17 21:59:32.949103872,checkout-api,INC-0042,0.00949,0.02912
2026-08-17 22:04:32.949103872,checkout-api,INC-0042,0.05544,0.01205
2026-08-17 22:09:32.949103872,checkout-api,INC-0042,0.02097,0.00213
2026-08-17 22:14:32.949103872,checkout-api,INC-0042,0.01164,0.00961
2026-08-17 22:19:32.949103872,checkout-api,INC-0042,0.05504,0.00419
2026-08-17 22:24:32.949103872,checkout-api,INC-0042,0.13457,0.00628
2026-08-17 22:29:32.949103872,checkout-api,INC-0042,2.03445,0.05406
2026-08-17 22:34:32.949103872,checkout-api,INC-0042,0.54487,0.04308
2026-08-17 22:39:32.949103872,checkout-api,INC-0042,0.2933,0.21502
2026-08-17 22:44:32.949103872,checkout-api,INC-0042,0.12367,0.0462
2026-08-17 22:49:32.949103872,checkout-api,INC-0042,2.34709,0.07299
2026-08-17 22:54:32.949103872,checkout-api,INC-0042,1.7079,0.0399
2026-08-17 22:59:32.949103872,checkout-api,INC-0042,0.06814,0.00437
2026-08-17 23:04:32.949103872,checkout-api,INC-0042,0.22091,0.00316
2026-08-17 23:09:32.949103872,checkout-api,INC-0042,0.021,0.00589
2026-08-17 23:14:32.949103872,checkout-api,INC-0042,0.04018,0.00411
2026-08-17 23:19:32.949103872,checkout-api,INC-0042,0.19091,0.00144
2026-08-17 23:24:32.949103872,checkout-api,INC-0042,0.00968,0.00176
2026-08-17 23:29:32.949103872,checkout-api,INC-0042,0.0341,0.00041
2026-08-17 23:34:32.949103872,checkout-api,INC-0042,0.00779,0.00318
2026-08-17 23:39:32.949103872,checkout-api,INC-0042,0.05037,0.00039
2026-08-17 23:44:32.949103872,checkout-api,INC-0042,0.00562,0.0097
2026-08-17 23:49:32.949103872,checkout-api,INC-0042,0.0995,0.00291
2026-08-17 23:54:32.949103872,checkout-api,INC-0042,0.00887,0.00411
2026-08-18 13:47:58.205891584,billing-worker,INC-0010,0.10537,0.00973
2026-08-18 13:52:58.205891584,billing-worker,INC-0010,0.16166,0.01279
2026-08-18 13:57:58.205891584,billing-worker,INC-0010,0.00969,0.00689
2026-08-18 14:02:58.205891584,billing-worker,INC-0010,0.05723,0.00149
2026-08-18 14:07:58.205891584,billing-worker,INC-0010,0.01668,0.00617
2026-08-18 14:12:58.205891584,billing-worker,INC-0010,0.01133,0.00303
2026-08-18 14:17:58.205891584,billing-worker,INC-0010,0.02835,0.00578
2026-08-18 14:22:58.205891584,billing-worker,INC-0010,0.2427,0.04189
2026-08-18 14:27:58.205891584,billing-worker,INC-0010,0.71268,0.01106
2026-08-18 14:32:58.205891584,billing-worker,INC-0010,1.73315,0.08858
2026-08-18 14:37:58.205891584,billing-worker,INC-0010,1.0259,0.03273
2026-08-18 14:42:58.205891584,billing-worker,INC-0010,0.33646,0.10702
2026-08-18 14:47:58.205891584,billing-worker,INC-0010,1.40865,0.05544
2026-08-18 14:52:58.205891584,billing-worker,INC-0010,0.28749,0.09116
2026-08-18 14:57:58.205891584,billing-worker,INC-0010,0.06721,0.02643
2026-08-18 15:02:58.205891584,billing-worker,INC-0010,0.05007,0.00841
2026-08-18 15:07:58.205891584,billing-worker,INC-0010,0.05985,0.00216
2026-08-18 15:12:58.205891584,billing-worker,INC-0010,0.07455,0.00379
2026-08-18 15:17:58.205891584,billing-worker,INC-0010,0.11586,0.00905
2026-08-18 15:22:58.205891584,billing-worker,INC-0010,0.09245,0.004
2026-08-18 15:27:58.205891584,billing-worker,INC-0010,0.01485,0.01118
2026-08-18 15:32:58.205891584,billing-worker,INC-0010,0.1757,0.01105
2026-08-18 15:37:58.205891584,billing-worker,INC-0010,0.1067,0.00136
2026-08-18 18:09:46.943689728,billing-worker,INC-0044,0.06632,0.0267
2026-08-18 18:14:46.943689728,billing-worker,INC-0044,0.11116,0.01109
2026-08-18 18:19:46.943689728,billing-worker,INC-0044,0.05235,0.0042
2026-08-18 18:24:46.943689728,billing-worker,INC-0044,0.01269,0.00367
2026-08-18 18:29:46.943689728,billing-worker,INC-0044,0.05625,0.02139
2026-08-18 18:34:46.943689728,billing-worker,INC-0044,0.00476,0.02126
2026-08-18 18:39:46.943689728,billing-worker,INC-0044,1.44468,0.16259
2026-08-18 18:44:46.943689728,billing-worker,INC-0044,0.91319,0.02209
2026-08-18 18:49:46.943689728,billing-worker,INC-0044,0.74216,0.01607
2026-08-18 18:54:46.943689728,billing-worker,INC-0044,0.51261,0.00637
2026-08-18 18:59:46.943689728,billing-worker,INC-0044,1.47091,0.03342
2026-08-18 19:04:46.943689728,billing-worker,INC-0044,0.20709,0.01291
2026-08-18 19:09:46.943689728,billing-worker,INC-0044,0.03202,0.06728
2026-08-18 19:14:46.943689728,billing-worker,INC-0044,0.77283,0.018
2026-08-18 19:19:46.943689728,billing-worker,INC-0044,0.06295,0.00223
2026-08-18 19:24:46.943689728,billing-worker,INC-0044,0.0037,0.01906
2026-08-18 19:29:46.943689728,billing-worker,INC-0044,0.01421,0.00047
2026-08-18 19:34:46.943689728,billing-worker,INC-0044,0.02599,0.00783
2026-08-18 19:39:46.943689728,billing-worker,INC-0044,0.0323,0.00228
2026-08-18 19:44:46.943689728,billing-worker,INC-0044,0.36917,0.00263
2026-08-18 20:57:47.705562112,checkout-api,INC-0040,0.1205,0.00251
2026-08-18 21:02:47.705562112,checkout-api,INC-0040,1.09778,0.13072
2026-08-18 21:07:47.705562112,checkout-api,INC-0040,0.49504,0.02395
2026-08-18 21:12:47.705562112,checkout-api,INC-0040,2.004,0.02214
2026-08-18 21:17:47.705562112,checkout-api,INC-0040,1.01286,0.14345
2026-08-18 21:22:47.705562112,checkout-api,INC-0040,0.24303,0.00387
2026-08-18 21:27:47.705562112,checkout-api,INC-0040,0.0784,0.16275
2026-08-18 21:32:47.705562112,checkout-api,INC-0040,0.66841,0.17992
2026-08-18 21:37:47.705562112,checkout-api,INC-0040,0.21533,0.0106
2026-08-18 21:42:47.705562112,checkout-api,INC-0040,0.06416,0.00299
2026-08-19 17:06:02.757337088,notifications,INC-0054,0.22008,0.03455
2026-08-19 17:11:02.757337088,notifications,INC-0054,0.21041,0.01861
2026-08-19 17:16:02.757337088,notifications,INC-0054,0.28624,0.01103
2026-08-19 17:21:02.757337088,notifications,INC-0054,0.07562,0.03026
2026-08-19 17:26:02.757337088,notifications,INC-0054,0.05229,0.01398
2026-08-19 17:31:02.757337088,notifications,INC-0054,1.08432,0.00757
2026-08-19 17:36:02.757337088,notifications,INC-0054,0.99843,0.00318
2026-08-19 17:41:02.757337088,notifications,INC-0054,0.77996,0.12153
2026-08-19 17:46:02.757337088,notifications,INC-0054,0.98911,0.03286
2026-08-19 17:51:02.757337088,notifications,INC-0054,0.6403,0.00629
2026-08-19 17:56:02.757337088,notifications,INC-0054,0.02572,0.00214
2026-08-19 18:01:02.757337088,notifications,INC-0054,0.0032,0.00182
2026-08-19 18:06:02.757337088,notifications,INC-0054,0.10084,0.00471
2026-08-20 07:04:45.844831232,billing-worker,INC-0038,0.67441,0.61846
2026-08-20 07:09:45.844831232,billing-worker,INC-0038,0.19222,0.00664
2026-08-20 07:14:45.844831232,billing-worker,INC-0038,0.4305,0.04944
2026-08-20 07:19:45.844831232,billing-worker,INC-0038,0.06858,0.00309
2026-08-20 07:24:45.844831232,billing-worker,INC-0038,2.44854,0.03723
2026-08-20 07:29:45.844831232,billing-worker,INC-0038,0.04566,0.10165
2026-08-20 07:34:45.844831232,billing-worker,INC-0038,0.36802,0.0229
2026-08-20 07:39:45.844831232,billing-worker,INC-0038,0.95116,0.03966
2026-08-20 17:06:25.298527232,checkout-api,INC-0018,3.41326,0.01113
2026-08-20 17:11:25.298527232,checkout-api,INC-0018,0.01976,0.10901
2026-08-20 17:16:25.298527232,checkout-api,INC-0018,0.37434,0.2893
2026-08-20 17:21:25.298527232,checkout-api,INC-0018,1.04282,0.05734
2026-08-20 17:26:25.298527232,checkout-api,INC-0018,0.32216,0.05983
2026-08-20 17:31:25.298527232,checkout-api,INC-0018,0.32038,0.02227
2026-08-20 17:36:25.298527232,checkout-api,INC-0018,0.0785,0.02564
2026-08-20 17:41:25.298527232,checkout-api,INC-0018,0.19764,0.04731
2026-08-21 10:33:37.962010112,checkout-api,INC-0046,0.19654,0.02083
2026-08-21 10:38:37.962010112,checkout-api,INC-0046,0.00378,0.00365
2026-08-21 10:43:37.962010112,checkout-api,INC-0046,0.15881,0.00978
2026-08-21 10:48:37.962010112,checkout-api,INC-0046,0.23876,0.00531
2026-08-21 10:53:37.962010112,checkout-api,INC-0046,0.02547,0.01537
2026-08-21 10:58:37.962010112,checkout-api,INC-0046,0.03447,8e-05
2026-08-21 11:03:37.962010112,checkout-api,INC-0046,0.13509,0.01227
2026-08-21 11:08:37.962010112,checkout-api,INC-0046,0.026,0.00062
2026-08-21 11:13:37.962010112,checkout-api,INC-0046,0.32078,0.03914
2026-08-21 11:18:37.962010112,checkout-api,INC-0046,1.08996,0.02494
2026-08-21 11:23:37.962010112,checkout-api,INC-0046,0.04569,0.11019
2026-08-21 11:28:37.962010112,checkout-api,INC-0046,0.90266,0.01683
2026-08-21 11:33:37.962010112,checkout-api,INC-0046,0.48699,0.07655
2026-08-21 11:38:37.962010112,checkout-api,INC-0046,0.34223,0.03548
2026-08-21 11:43:37.962010112,checkout-api,INC-0046,0.34414,0.01153
2026-08-21 11:48:37.962010112,checkout-api,INC-0046,0.84456,0.09266
2026-08-21 11:53:37.962010112,checkout-api,INC-0046,0.03291,0.00989
2026-08-21 11:58:37.962010112,checkout-api,INC-0046,0.0423,0.00552
2026-08-21 12:03:37.962010112,checkout-api,INC-0046,0.00205,0.0031
2026-08-21 12:08:37.962010112,checkout-api,INC-0046,0.00517,0.00752
2026-08-21 12:13:37.962010112,checkout-api,INC-0046,0.02565,0.00693
2026-08-21 12:18:37.962010112,checkout-api,INC-0046,0.01402,0.00384
2026-08-21 12:23:37.962010112,checkout-api,INC-0046,0.03683,0.00104
2026-08-21 12:28:37.962010112,checkout-api,INC-0046,0.12895,0.02389
2026-08-21 15:42:05.014705408,checkout-api,INC-0003,0.05812,0.00044
2026-08-21 15:47:05.014705408,checkout-api,INC-0003,0.03715,0.02602
2026-08-21 15:52:05.014705408,checkout-api,INC-0003,0.03538,0.02226
2026-08-21 15:57:05.014705408,checkout-api,INC-0003,0.0168,0.00381
2026-08-21 16:02:05.014705408,checkout-api,INC-0003,0.00859,0.00577
2026-08-21 16:07:05.014705408,checkout-api,INC-0003,0.034,0.01001
2026-08-21 16:12:05.014705408,checkout-api,INC-0003,0.0844,0.01006
2026-08-21 16:17:05.014705408,checkout-api,INC-0003,0.09774,0.01166
2026-08-21 16:22:05.014705408,checkout-api,INC-0003,0.15289,0.00634
2026-08-21 16:27:05.014705408,checkout-api,INC-0003,0.0103,0.01302
2026-08-21 16:32:05.014705408,checkout-api,INC-0003,1.38625,0.31212
2026-08-21 16:37:05.014705408,checkout-api,INC-0003,0.10676,0.00395
2026-08-21 16:42:05.014705408,checkout-api,INC-0003,0.03769,0.03296
2026-08-21 16:47:05.014705408,checkout-api,INC-0003,0.43587,0.04766
2026-08-21 16:52:05.014705408,checkout-api,INC-0003,0.76354,0.0743
2026-08-21 16:57:05.014705408,checkout-api,INC-0003,0.82267,0.01927
2026-08-21 17:02:05.014705408,checkout-api,INC-0003,0.98266,0.00143
2026-08-21 17:07:05.014705408,checkout-api,INC-0003,1.72996,0.02662
2026-08-21 17:12:05.014705408,checkout-api,INC-0003,0.17973,0.00196
2026-08-21 17:17:05.014705408,checkout-api,INC-0003,0.17433,0.0057
2026-08-21 17:22:05.014705408,checkout-api,INC-0003,0.01285,0.03297
2026-08-21 17:27:05.014705408,checkout-api,INC-0003,0.09273,0.02396
2026-08-21 17:32:05.014705408,checkout-api,INC-0003,0.0263,0.03116
2026-08-21 17:37:05.014705408,checkout-api,INC-0003,0.05755,0.03079
2026-08-21 17:42:05.014705408,checkout-api,INC-0003,0.02093,0.01806
2026-08-21 17:47:05.014705408,checkout-api,INC-0003,0.04661,0.02236
2026-08-21 17:52:05.014705408,checkout-api,INC-0003,0.06782,0.01729
2026-08-21 17:57:05.014705408,checkout-api,INC-0003,0.13698,0.00475
2026-08-21 18:02:05.014705408,checkout-api,INC-0003,0.04356,0.00817
2026-08-21 20:48:38.572870656,checkout-api,INC-0052,0.00433,0.01117
2026-08-21 20:53:38.572870656,checkout-api,INC-0052,0.01732,0.00141
2026-08-21 20:58:38.572870656,checkout-api,INC-0052,0.40863,0.00407
2026-08-21 21:03:38.572870656,checkout-api,INC-0052,0.52733,0.04395
2026-08-21 21:08:38.572870656,checkout-api,INC-0052,1.12668,0.01605
2026-08-21 21:13:38.572870656,checkout-api,INC-0052,8.07421,0.03708
2026-08-21 21:18:38.572870656,checkout-api,INC-0052,0.29473,0.08662
2026-08-21 21:23:38.572870656,checkout-api,INC-0052,0.21403,0.036
2026-08-21 21:28:38.572870656,checkout-api,INC-0052,1.78601,0.06375
2026-08-21 21:33:38.572870656,checkout-api,INC-0052,3.9942,0.01798
2026-08-21 21:38:38.572870656,checkout-api,INC-0052,0.00141,0.00453
2026-08-21 21:43:38.572870656,checkout-api,INC-0052,0.04628,0.00652
2026-08-22 05:32:55.761407744,billing-worker,INC-0036,0.04848,0.00246
2026-08-22 05:37:55.761407744,billing-worker,INC-0036,0.01132,0.06976
2026-08-22 05:42:55.761407744,billing-worker,INC-0036,0.00123,0.02762
2026-08-22 05:47:55.761407744,billing-worker,INC-0036,0.03034,0.00377
2026-08-22 05:52:55.761407744,billing-worker,INC-0036,0.05646,0.01472
2026-08-22 05:57:55.761407744,billing-worker,INC-0036,0.03456,0.006
2026-08-22 06:02:55.761407744,billing-worker,INC-0036,0.14459,0.00715
2026-08-22 06:07:55.761407744,billing-worker,INC-0036,0.02874,0.02102
2026-08-22 06:12:55.761407744,billing-worker,INC-0036,0.06663,0.02244
2026-08-22 06:17:55.761407744,billing-worker,INC-0036,0.06801,0.0116
2026-08-22 06:22:55.761407744,billing-worker,INC-0036,1.87038,0.00103
2026-08-22 06:27:55.761407744,billing-worker,INC-0036,1.25192,0.04407
2026-08-22 06:32:55.761407744,billing-worker,INC-0036,1.26534,0.04211
2026-08-22 06:37:55.761407744,billing-worker,INC-0036,0.05024,0.28581
2026-08-22 06:42:55.761407744,billing-worker,INC-0036,1.16889,0.01053
2026-08-22 06:47:55.761407744,billing-worker,INC-0036,0.59467,0.06154
2026-08-22 06:52:55.761407744,billing-worker,INC-0036,0.47143,0.00311
2026-08-22 06:57:55.761407744,billing-worker,INC-0036,0.48677,0.06546
2026-08-22 07:02:55.761407744,billing-worker,INC-0036,0.00151,0.04158
2026-08-22 07:07:55.761407744,billing-worker,INC-0036,0.0451,0.00065
2026-08-22 07:12:55.761407744,billing-worker,INC-0036,0.01686,0.01419
2026-08-22 07:17:55.761407744,billing-worker,INC-0036,0.02711,0.01925
2026-08-22 07:22:55.761407744,billing-worker,INC-0036,0.01863,0.00315
2026-08-22 07:27:55.761407744,billing-worker,INC-0036,0.01854,0.03281
2026-08-22 07:32:55.761407744,billing-worker,INC-0036,0.00277,0.00504
2026-08-22 07:37:55.761407744,billing-worker,INC-0036,0.0075,0.00304
2026-08-22 07:42:55.761407744,billing-worker,INC-0036,0.04514,0.00578
2026-08-22 07:47:55.761407744,billing-worker,INC-0036,0.05374,0.00292
2026-08-22 07:52:55.761407744,billing-worker,INC-0036,0.00019,0.00134
2026-08-25 18:35:25.040178944,search-api,INC-0029,0.00128,0.00121
2026-08-25 18:40:25.040178944,search-api,INC-0029,0.01939,0.01296
2026-08-25 18:45:25.040178944,search-api,INC-0029,0.00784,0.05664
2026-08-25 18:50:25.040178944,search-api,INC-0029,0.04608,0.01792
2026-08-25 18:55:25.040178944,search-api,INC-0029,0.00214,0.00641
2026-08-25 19:00:25.040178944,search-api,INC-0029,0.08684,0.00694
2026-08-25 19:05:25.040178944,search-api,INC-0029,0.0157,0.00634
2026-08-25 19:10:25.040178944,search-api,INC-0029,0.04772,0.00665
2026-08-25 19:15:25.040178944,search-api,INC-0029,0.31042,0.04946
2026-08-25 19:20:25.040178944,search-api,INC-0029,0.72906,0.01053
2026-08-25 19:25:25.040178944,search-api,INC-0029,1.71871,0.02518
2026-08-25 19:30:25.040178944,search-api,INC-0029,0.06333,0.0113
2026-08-25 19:35:25.040178944,search-api,INC-0029,0.98413,0.13091
2026-08-25 19:40:25.040178944,search-api,INC-0029,1.85876,0.00422
2026-08-25 19:45:25.040178944,search-api,INC-0029,1.44726,0.06289
2026-08-25 19:50:25.040178944,search-api,INC-0029,0.25698,0.03962
2026-08-25 19:55:25.040178944,search-api,INC-0029,0.04506,0.00328
2026-08-25 20:00:25.040178944,search-api,INC-0029,0.06034,0.00081
2026-08-25 20:05:25.040178944,search-api,INC-0029,0.00997,0.00342
2026-08-25 20:10:25.040178944,search-api,INC-0029,0.1079,0.00245
2026-08-25 20:15:25.040178944,search-api,INC-0029,0.06368,0.02236
2026-08-25 20:20:25.040178944,search-api,INC-0029,0.00818,0.0263
2026-08-25 20:25:25.040178944,search-api,INC-0029,0.00099,0.00138
2026-08-25 20:30:25.040178944,search-api,INC-0029,0.05179,0.0147
2026-08-26 08:05:14.102784512,billing-worker,INC-0045,1.33835,0.07165
2026-08-26 08:10:14.102784512,billing-worker,INC-0045,0.85685,0.08324
2026-08-26 08:15:14.102784512,billing-worker,INC-0045,0.03312,0.01037
2026-08-26 08:20:14.102784512,billing-worker,INC-0045,0.89206,0.06837
2026-08-26 08:25:14.102784512,billing-worker,INC-0045,0.24463,0.01868
2026-08-26 08:30:14.102784512,billing-worker,INC-0045,0.92994,0.04814
2026-08-26 08:35:14.102784512,billing-worker,INC-0045,0.70754,0.15025
2026-08-26 08:40:14.102784512,billing-worker,INC-0045,0.24774,0.03028
2026-08-28 01:40:43.272122368,checkout-api,INC-0011,0.0292,0.00056
2026-08-28 01:45:43.272122368,checkout-api,INC-0011,0.00745,0.01319
2026-08-28 01:50:43.272122368,checkout-api,INC-0011,0.00801,0.01373
2026-08-28 01:55:43.272122368,checkout-api,INC-0011,0.00242,0.00745
2026-08-28 02:00:43.272122368,checkout-api,INC-0011,0.02081,0.00428
2026-08-28 02:05:43.272122368,checkout-api,INC-0011,0.2958,0.00293
2026-08-28 02:10:43.272122368,checkout-api,INC-0011,0.03892,0.00761
2026-08-28 02:15:43.272122368,checkout-api,INC-0011,0.94423,0.02964
2026-08-28 02:20:43.272122368,checkout-api,INC-0011,0.26935,0.20435
2026-08-28 02:25:43.272122368,checkout-api,INC-0011,1.46572,0.03453
2026-08-28 02:30:43.272122368,checkout-api,INC-0011,0.32658,0.05167
2026-08-28 02:35:43.272122368,checkout-api,INC-0011,1.05692,0.02462
2026-08-28 02:40:43.272122368,checkout-api,INC-0011,0.14535,0.10265
2026-08-28 02:45:43.272122368,checkout-api,INC-0011,0.02158,0.00362
2026-08-28 02:50:43.272122368,checkout-api,INC-0011,0.00486,0.00187
2026-08-28 02:55:43.272122368,checkout-api,INC-0011,0.01002,0.00315
2026-08-28 03:00:43.272122368,checkout-api,INC-0011,0.07558,0.01633
2026-08-28 03:05:43.272122368,checkout-api,INC-0011,0.06828,0.00296
2026-08-28 03:10:43.272122368,checkout-api,INC-0011,0.15746,0.01976
2026-08-28 13:20:43.309620736,search-api,INC-0023,0.00404,0.00779
2026-08-28 13:25:43.309620736,search-api,INC-0023,0.01505,0.00502
2026-08-28 13:30:43.309620736,search-api,INC-0023,0.07899,0.00685
2026-08-28 13:35:43.309620736,search-api,INC-0023,0.03633,0.01969
2026-08-28 13:40:43.309620736,search-api,INC-0023,0.10244,0.05333
2026-08-28 13:45:43.309620736,search-api,INC-0023,1.46636,0.1159
2026-08-28 13:50:43.309620736,search-api,INC-0023,0.27008,0.10718
2026-08-28 13:55:43.309620736,search-api,INC-0023,0.50401,0.02725
2026-08-28 14:00:43.309620736,search-api,INC-0023,1.10746,0.01011
2026-08-28 14:05:43.309620736,search-api,INC-0023,1.08026,0.08097
2026-08-28 14:10:43.309620736,search-api,INC-0023,0.47608,0.02409
2026-08-28 14:15:43.309620736,search-api,INC-0023,0.02669,0.00088
2026-08-28 14:20:43.309620736,search-api,INC-0023,0.19775,0.02621
2026-08-28 14:25:43.309620736,search-api,INC-0023,0.10011,0.00241
2026-08-29 19:35:47.580274432,billing-worker,INC-0002,0.13829,0.00924
2026-08-29 19:40:47.580274432,billing-worker,INC-0002,0.0305,0.02004
2026-08-29 19:45:47.580274432,billing-worker,INC-0002,0.15238,0.02496
2026-08-29 19:50:47.580274432,billing-worker,INC-0002,0.34911,0.09337
2026-08-29 19:55:47.580274432,billing-worker,INC-0002,0.18236,0.02342
2026-08-29 20:00:47.580274432,billing-worker,INC-0002,0.76324,0.00484
2026-08-29 20:05:47.580274432,billing-worker,INC-0002,0.36196,0.01205
2026-08-29 20:10:47.580274432,billing-worker,INC-0002,0.34745,0.00466
2026-08-29 20:15:47.580274432,billing-worker,INC-0002,0.05574,0.0545
2026-08-29 20:20:47.580274432,billing-worker,INC-0002,0.30967,0.0062
2026-08-29 20:25:47.580274432,billing-worker,INC-0002,1.76667,0.15881
2026-08-29 20:30:47.580274432,billing-worker,INC-0002,0.07124,0.0078
2026-08-29 20:35:47.580274432,billing-worker,INC-0002,0.14146,0.00031
2026-08-29 20:40:47.580274432,billing-worker,INC-0002,0.0278,0.01186
2026-08-30 09:10:42.698117888,checkout-api,INC-0053,0.03132,0.00928
2026-08-30 09:15:42.698117888,checkout-api,INC-0053,0.00054,0.02464
2026-08-30 09:20:42.698117888,checkout-api,INC-0053,0.0086,0.02314
2026-08-30 09:25:42.698117888,checkout-api,INC-0053,0.07331,0.0251
2026-08-30 09:30:42.698117888,checkout-api,INC-0053,1.54652,0.14915
2026-08-30 09:35:42.698117888,checkout-api,INC-0053,0.46321,0.03504
2026-08-30 09:40:42.698117888,checkout-api,INC-0053,0.47424,0.07238
2026-08-30 09:45:42.698117888,checkout-api,INC-0053,0.14042,0.00663
2026-08-30 09:50:42.698117888,checkout-api,INC-0053,3.33963,0.02869
2026-08-30 09:55:42.698117888,checkout-api,INC-0053,0.60006,0.09575
2026-08-30 10:00:42.698117888,checkout-api,INC-0053,1.08011,0.06108
2026-08-30 10:05:42.698117888,checkout-api,INC-0053,0.21703,0.06182
2026-08-30 10:10:42.698117888,checkout-api,INC-0053,0.00756,0.02447
2026-08-30 10:15:42.698117888,checkout-api,INC-0053,0.08145,0.00379
2026-08-30 10:20:42.698117888,checkout-api,INC-0053,0.00291,0.00221
2026-08-30 10:25:42.698117888,checkout-api,INC-0053,0.01816,0.00367
2026-08-30 10:13:32.837556224,notifications,INC-0025,0.01161,0.00375
2026-08-30 10:18:32.837556224,notifications,INC-0025,0.01519,0.01708
2026-08-30 10:23:32.837556224,notifications,INC-0025,0.00115,0.00213
2026-08-30 10:28:32.837556224,notifications,INC-0025,0.03965,0.0101
2026-08-30 10:33:32.837556224,notifications,INC-0025,0.01207,0.00141
2026-08-30 10:38:32.837556224,notifications,INC-0025,0.02256,0.00808
2026-08-30 10:43:32.837556224,notifications,INC-0025,0.03796,0.00164
2026-08-30 10:48:32.837556224,notifications,INC-0025,0.31699,0.13962
2026-08-30 10:53:32.837556224,notifications,INC-0025,0.06608,0.12006
2026-08-30 10:58:32.837556224,notifications,INC-0025,2.18692,0.02693
2026-08-30 11:03:32.837556224,notifications,INC-0025,0.24412,0.01135
2026-08-30 11:08:32.837556224,notifications,INC-0025,0.79108,0.13249
2026-08-30 11:13:32.837556224,notifications,INC-0025,0.07927,0.03209
2026-08-30 11:18:32.837556224,notifications,INC-0025,0.27319,0.09986
2026-08-30 11:23:32.837556224,notifications,INC-0025,0.60928,0.05187
2026-08-30 11:28:32.837556224,notifications,INC-0025,0.00142,0.02885
2026-08-30 11:33:32.837556224,notifications,INC-0025,0.08416,0.00033
2026-08-30 11:38:32.837556224,notifications,INC-0025,0.22744,0.00791
2026-08-30 11:43:32.837556224,notifications,INC-0025,0.13515,0.00118
2026-08-30 11:48:32.837556224,notifications,INC-0025,0.08536,0.0122
2026-08-30 11:53:32.837556224,notifications,INC-0025,0.0099,0.00021
2026-08-30 11:58:32.837556224,notifications,INC-0025,0.03476,0.01051
2026-08-31 03:37:41.190995200,search-api,INC-0001,0.01494,0.00157
2026-08-31 03:42:41.190995200,search-api,INC-0001,0.04207,0.0063
2026-08-31 03:47:41.190995200,search-api,INC-0001,0.03135,0.00175
2026-08-31 03:52:41.190995200,search-api,INC-0001,0.10131,0.00772
2026-08-31 03:57:41.190995200,search-api,INC-0001,0.09934,0.01743
2026-08-31 04:02:41.190995200,search-api,INC-0001,0.00731,0.00055
2026-08-31 04:07:41.190995200,search-api,INC-0001,0.02766,0.01826
2026-08-31 04:12:41.190995200,search-api,INC-0001,0.07985,0.00416
2026-08-31 04:17:41.190995200,search-api,INC-0001,0.01466,2e-05
2026-08-31 04:22:41.190995200,search-api,INC-0001,0.23387,0.00422
2026-08-31 04:27:41.190995200,search-api,INC-0001,0.09026,0.03939
2026-08-31 04:32:41.190995200,search-api,INC-0001,0.47161,0.0211
2026-08-31 04:37:41.190995200,search-api,INC-0001,2.07489,0.10305
2026-08-31 04:42:41.190995200,search-api,INC-0001,0.19851,0.02574
2026-08-31 04:47:41.190995200,search-api,INC-0001,0.25408,0.04784
2026-08-31 04:52:41.190995200,search-api,INC-0001,0.54701,0.10536
2026-08-31 04:57:41.190995200,search-api,INC-0001,0.21775,0.02737
2026-08-31 05:02:41.190995200,search-api,INC-0001,0.02576,0.01373
2026-08-31 05:07:41.190995200,search-api,INC-0001,0.02682,0.00083
2026-08-31 05:12:41.190995200,search-api,INC-0001,0.02251,0.01233
2026-08-31 05:17:41.190995200,search-api,INC-0001,0.03653,0.00494
2026-08-31 05:22:41.190995200,search-api,INC-0001,0.01517,0.01305
2026-08-31 05:27:41.190995200,search-api,INC-0001,0.06668,0.00233
2026-08-31 05:32:41.190995200,search-api,INC-0001,0.06078,0.0133
2026-08-31 05:37:41.190995200,search-api,INC-0001,0.12376,0.0201
2026-08-31 05:42:41.190995200,search-api,INC-0001,0.00214,0.00209
2026-09-02 20:57:56.629018624,auth-service,INC-0008,0.00423,0.02382
2026-09-02 21:02:56.629018624,auth-service,INC-0008,0.11213,0.00965
2026-09-02 21:07:56.629018624,auth-service,INC-0008,0.42856,0.06111
2026-09-02 21:12:56.629018624,auth-service,INC-0008,0.86164,0.00476
2026-09-02 21:17:56.629018624,auth-service,INC-0008,1.19861,0.00148
2026-09-02 21:22:56.629018624,auth-service,INC-0008,0.35088,0.03275
2026-09-02 21:27:56.629018624,auth-service,INC-0008,0.83062,0.02821
2026-09-02 21:32:56.629018624,auth-service,INC-0008,1.16324,0.08099
2026-09-02 21:37:56.629018624,auth-service,INC-0008,0.19041,0.00029
2026-09-02 21:42:56.629018624,auth-service,INC-0008,0.39169,0.11001
2026-09-02 21:47:56.629018624,auth-service,INC-0008,0.02315,0.02133
2026-09-02 21:52:56.629018624,auth-service,INC-0008,0.00617,0.00191
2026-09-02 21:57:56.629018624,auth-service,INC-0008,0.03526,0.01593
2026-09-03 07:53:25.728449024,auth-service,INC-0058,0.01069,0.01002
2026-09-03 07:58:25.728449024,auth-service,INC-0058,0.03494,0.0069
2026-09-03 08:03:25.728449024,auth-service,INC-0058,0.0834,0.00651
2026-09-03 08:08:25.728449024,auth-service,INC-0058,0.07787,0.00201
2026-09-03 08:13:25.728449024,auth-service,INC-0058,0.22519,0.02721
2026-09-03 08:18:25.728449024,auth-service,INC-0058,1.14891,0.01703
2026-09-03 08:23:25.728449024,auth-service,INC-0058,0.45753,0.06259
2026-09-03 08:28:25.728449024,auth-service,INC-0058,1.06257,0.0532
2026-09-03 08:33:25.728449024,auth-service,INC-0058,1.23814,0.03382
2026-09-03 08:38:25.728449024,auth-service,INC-0058,0.05828,0.15421
2026-09-03 08:43:25.728449024,auth-service,INC-0058,1.26311,0.05462
2026-09-03 08:48:25.728449024,auth-service,INC-0058,0.13076,0.03382
2026-09-03 08:53:25.728449024,auth-service,INC-0058,0.06456,0.00108
2026-09-03 08:58:25.728449024,auth-service,INC-0058,0.03384,0.00216
2026-09-03 09:03:25.728449024,auth-service,INC-0058,0.05796,0.00556
2026-09-03 09:08:25.728449024,auth-service,INC-0058,0.10872,0.01394
2026-09-03 09:13:25.728449024,auth-service,INC-0058,0.05616,0.00102
2026-09-04 02:24:04.525296128,notifications,INC-0022,0.11295,0.00984
2026-09-04 02:29:04.525296128,notifications,INC-0022,0.00561,0.00268
2026-09-04 02:34:04.525296128,notifications,INC-0022,0.00494,0.00328
2026-09-04 02:39:04.525296128,notifications,INC-0022,0.03665,0.0096
2026-09-04 02:44:04.525296128,notifications,INC-0022,0.02279,0.01393
2026-09-04 02:49:04.525296128,notifications,INC-0022,0.02037,0.00336
2026-09-04 02:54:04.525296128,notifications,INC-0022,0.00672,0.00116
2026-09-04 02:59:04.525296128,notifications,INC-0022,0.00765,0.00713
2026-09-04 03:04:04.525296128,notifications,INC-0022,0.03769,0.00619
2026-09-04 03:09:04.525296128,notifications,INC-0022,1.27923,0.03591
2026-09-04 03:14:04.525296128,notifications,INC-0022,0.2022,0.04056
2026-09-04 03:19:04.525296128,notifications,INC-0022,0.54234,0.01469
2026-09-04 03:24:04.525296128,notifications,INC-0022,0.11542,0.01868
2026-09-04 03:29:04.525296128,notifications,INC-0022,0.93879,0.04821
2026-09-04 03:34:04.525296128,notifications,INC-0022,2.20049,0.21958
2026-09-04 03:39:04.525296128,notifications,INC-0022,0.56365,0.01426
2026-09-04 03:44:04.525296128,notifications,INC-0022,2.68421,0.05163
2026-09-04 03:49:04.525296128,notifications,INC-0022,0.00619,0.00274
2026-09-04 03:54:04.525296128,notifications,INC-0022,0.12061,0.00896
2026-09-04 03:59:04.525296128,notifications,INC-0022,0.07302,0.00405
2026-09-04 04:04:04.525296128,notifications,INC-0022,0.09022,0.02348
2026-09-04 04:09:04.525296128,notifications,INC-0022,0.20151,0.02438
2026-09-04 04:14:04.525296128,notifications,INC-0022,0.02569,0.01804
2026-09-04 04:19:04.525296128,notifications,INC-0022,0.00463,0.00478
2026-09-04 04:24:04.525296128,notifications,INC-0022,0.07134,0.00069
2026-09-04 04:29:04.525296128,notifications,INC-0022,0.03962,0.0278
2026-09-04 04:34:04.525296128,notifications,INC-0022,0.0336,0.02122
2026-09-04 03:20:15.374134272,billing-worker,INC-0006,0.05307,0.01019
2026-09-04 03:25:15.374134272,billing-worker,INC-0006,0.02348,0.01921
2026-09-04 03:30:15.374134272,billing-worker,INC-0006,0.0173,0.00408
2026-09-04 03:35:15.374134272,billing-worker,INC-0006,0.23891,0.05268
2026-09-04 03:40:15.374134272,billing-worker,INC-0006,2.17965,0.06786
2026-09-04 03:45:15.374134272,billing-worker,INC-0006,1.01024,0.0189
2026-09-04 03:50:15.374134272,billing-worker,INC-0006,3.14321,0.14082
2026-09-04 03:55:15.374134272,billing-worker,INC-0006,0.62255,0.02798
2026-09-04 04:00:15.374134272,billing-worker,INC-0006,0.53015,0.16101
2026-09-04 04:05:15.374134272,billing-worker,INC-0006,0.86628,0.06458
2026-09-04 04:10:15.374134272,billing-worker,INC-0006,1.24152,0.03575
2026-09-04 04:15:15.374134272,billing-worker,INC-0006,0.02274,0.01419
2026-09-04 04:20:15.374134272,billing-worker,INC-0006,0.02982,0.00101
2026-09-04 04:25:15.374134272,billing-worker,INC-0006,0.00329,0.01087
2026-09-04 04:30:15.374134272,billing-worker,INC-0006,0.02853,0.00541
2026-09-04 14:38:47.132614400,search-api,INC-0051,0.01638,0.00141
2026-09-04 14:43:47.132614400,search-api,INC-0051,0.00052,0.01358
2026-09-04 14:48:47.132614400,search-api,INC-0051,0.03138,0.00909
2026-09-04 14:53:47.132614400,search-api,INC-0051,0.00635,0.01585
2026-09-04 14:58:47.132614400,search-api,INC-0051,0.00251,0.01111
2026-09-04 15:03:47.132614400,search-api,INC-0051,0.03141,0.00578
2026-09-04 15:08:47.132614400,search-api,INC-0051,0.18945,0.01588
2026-09-04 15:13:47.132614400,search-api,INC-0051,0.04869,0.06391
2026-09-04 15:18:47.132614400,search-api,INC-0051,3.81991,0.06688
2026-09-04 15:23:47.132614400,search-api,INC-0051,0.24464,0.06063
2026-09-04 15:28:47.132614400,search-api,INC-0051,0.1105,0.0051
2026-09-04 15:33:47.132614400,search-api,INC-0051,0.04103,0.04502
2026-09-04 15:38:47.132614400,search-api,INC-0051,1.04164,0.03239
2026-09-04 15:43:47.132614400,search-api,INC-0051,0.31908,0.06576
2026-09-04 15:48:47.132614400,search-api,INC-0051,0.04589,0.01705
2026-09-04 15:53:47.132614400,search-api,INC-0051,0.07212,0.0077
2026-09-04 15:58:47.132614400,search-api,INC-0051,2e-05,0.00119
2026-09-04 16:03:47.132614400,search-api,INC-0051,0.02829,0.00514
2026-09-04 16:08:47.132614400,search-api,INC-0051,0.02189,0.00253
2026-09-04 16:13:47.132614400,search-api,INC-0051,0.00527,0.0055
2026-09-04 16:18:47.132614400,search-api,INC-0051,0.03302,0.01593
2026-09-04 16:23:47.132614400,search-api,INC-0051,0.11759,0.00119
2026-09-04 16:28:47.132614400,search-api,INC-0051,0.02229,0.0108
2026-09-05 01:45:15.045449472,checkout-api,INC-0041,0.00214,0.00083
2026-09-05 01:50:15.045449472,checkout-api,INC-0041,0.00689,0.00062
2026-09-05 01:55:15.045449472,checkout-api,INC-0041,0.00383,0.00207
2026-09-05 02:00:15.045449472,checkout-api,INC-0041,0.01652,0.02716
2026-09-05 02:05:15.045449472,checkout-api,INC-0041,0.01603,0.00146
2026-09-05 02:10:15.045449472,checkout-api,INC-0041,0.69563,0.00103
2026-09-05 02:15:15.045449472,checkout-api,INC-0041,0.34251,0.24151
2026-09-05 02:20:15.045449472,checkout-api,INC-0041,0.57462,0.01525
2026-09-05 02:25:15.045449472,checkout-api,INC-0041,0.1253,0.01974
2026-09-05 02:30:15.045449472,checkout-api,INC-0041,1.9937,0.06343
2026-09-05 02:35:15.045449472,checkout-api,INC-0041,0.2462,0.02006
2026-09-05 02:40:15.045449472,checkout-api,INC-0041,0.01539,0.01873
2026-09-05 02:45:15.045449472,checkout-api,INC-0041,0.04364,0.13566
2026-09-05 02:50:15.045449472,checkout-api,INC-0041,0.02121,0.00169
2026-09-05 02:55:15.045449472,checkout-api,INC-0041,0.08598,0.00015
2026-09-05 03:00:15.045449472,checkout-api,INC-0041,0.00812,0.00042
2026-09-05 03:05:15.045449472,checkout-api,INC-0041,0.1703,0.00633
2026-09-05 03:10:15.045449472,checkout-api,INC-0041,0.03281,0.0054
2026-09-06 22:15:16.632234496,auth-service,INC-0007,0.17801,0.00456
2026-09-06 22:20:16.632234496,auth-service,INC-0007,0.00024,0.01557
2026-09-06 22:25:16.632234496,auth-service,INC-0007,0.02663,0.00512
2026-09-06 22:30:16.632234496,auth-service,INC-0007,0.04022,0.00293
2026-09-06 22:35:16.632234496,auth-service,INC-0007,0.0145,0.00042
2026-09-06 22:40:16.632234496,auth-service,INC-0007,0.00493,0.02301
2026-09-06 22:45:16.632234496,auth-service,INC-0007,0.06739,0.00432
2026-09-06 22:50:16.632234496,auth-service,INC-0007,0.00765,0.01836
2026-09-06 22:55:16.632234496,auth-service,INC-0007,0.04201,0.00859
2026-09-06 23:00:16.632234496,auth-service,INC-0007,0.05654,0.09134
2026-09-06 23:05:16.632234496,auth-service,INC-0007,1.04171,0.02797
2026-09-06 23:10:16.632234496,auth-service,INC-0007,0.04725,0.00783
2026-09-06 23:15:16.632234496,auth-service,INC-0007,0.17081,0.00044
2026-09-06 23:20:16.632234496,auth-service,INC-0007,0.02389,0.00446
2026-09-06 23:25:16.632234496,auth-service,INC-0007,0.05026,0.00204
2026-09-06 23:30:16.632234496,auth-service,INC-0007,1.42285,0.00015
2026-09-06 23:35:16.632234496,auth-service,INC-0007,0.40983,0.04929
2026-09-06 23:40:16.632234496,auth-service,INC-0007,0.00942,0.02008
2026-09-06 23:45:16.632234496,auth-service,INC-0007,0.04141,0.00627
2026-09-06 23:50:16.632234496,auth-service,INC-0007,0.06126,0.03648
2026-09-06 23:55:16.632234496,auth-service,INC-0007,0.00768,0.0127
2026-09-07 00:00:16.632234496,auth-service,INC-0007,0.00627,0.00928
2026-09-07 00:05:16.632234496,auth-service,INC-0007,0.024,0.00244
2026-09-07 00:10:16.632234496,auth-service,INC-0007,0.0584,0.0036
2026-09-07 00:15:16.632234496,auth-service,INC-0007,0.04643,0.00993
2026-09-07 00:20:16.632234496,auth-service,INC-0007,0.0203,0.00744
2026-09-07 00:25:16.632234496,auth-service,INC-0007,0.10699,0.00507
2026-09-07 15:39:16.996303104,notifications,INC-0027,0.03544,0.01069
2026-09-07 15:44:16.996303104,notifications,INC-0027,0.00367,0.00992
2026-09-07 15:49:16.996303104,notifications,INC-0027,0.08962,0.0068
2026-09-07 15:54:16.996303104,notifications,INC-0027,0.08759,0.00503
2026-09-07 15:59:16.996303104,notifications,INC-0027,0.02067,0.01151
2026-09-07 16:04:16.996303104,notifications,INC-0027,0.02848,0.01557
2026-09-07 16:09:16.996303104,notifications,INC-0027,0.57042,0.11123
2026-09-07 16:14:16.996303104,notifications,INC-0027,0.05635,0.05004
2026-09-07 16:19:16.996303104,notifications,INC-0027,0.57897,0.01262
2026-09-07 16:24:16.996303104,notifications,INC-0027,1.02183,0.01281
2026-09-07 16:29:16.996303104,notifications,INC-0027,0.5806,0.02017
2026-09-07 16:34:16.996303104,notifications,INC-0027,0.04298,0.05528
2026-09-07 16:39:16.996303104,notifications,INC-0027,0.33878,0.03802
2026-09-07 16:44:16.996303104,notifications,INC-0027,0.73615,0.10082
2026-09-07 16:49:16.996303104,notifications,INC-0027,0.0403,0.00442
2026-09-07 16:54:16.996303104,notifications,INC-0027,0.06413,0.01339
2026-09-07 16:59:16.996303104,notifications,INC-0027,0.02416,0.00176
2026-09-07 17:04:16.996303104,notifications,INC-0027,0.02,0.00515
2026-09-07 17:09:16.996303104,notifications,INC-0027,0.0416,0.0087
2026-09-07 17:14:16.996303104,notifications,INC-0027,0.0888,0.00216
2026-09-07 17:19:16.996303104,notifications,INC-0027,0.11315,0.00065
2026-09-08 23:51:20.414101248,checkout-api,INC-0056,0.0037,0.01624
2026-09-08 23:56:20.414101248,checkout-api,INC-0056,0.16227,0.00955
2026-09-09 00:01:20.414101248,checkout-api,INC-0056,0.01852,0.04018
2026-09-09 00:06:20.414101248,checkout-api,INC-0056,0.01777,0.00985
2026-09-09 00:11:20.414101248,checkout-api,INC-0056,0.05402,0.00968
2026-09-09 00:16:20.414101248,checkout-api,INC-0056,0.08647,0.00311
2026-09-09 00:21:20.414101248,checkout-api,INC-0056,0.10566,0.00048
2026-09-09 00:26:20.414101248,checkout-api,INC-0056,0.04211,0.00156
2026-09-09 00:31:20.414101248,checkout-api,INC-0056,1.23807,0.07382
2026-09-09 00:36:20.414101248,checkout-api,INC-0056,3.92296,0.00878
2026-09-09 00:41:20.414101248,checkout-api,INC-0056,1.17349,0.01006
2026-09-09 00:46:20.414101248,checkout-api,INC-0056,0.11799,0.02394
2026-09-09 00:51:20.414101248,checkout-api,INC-0056,0.40743,0.07542
2026-09-09 00:56:20.414101248,checkout-api,INC-0056,0.03389,0.00091
2026-09-09 01:01:20.414101248,checkout-api,INC-0056,0.38495,0.0972
2026-09-09 01:06:20.414101248,checkout-api,INC-0056,0.2776,0.00702
2026-09-09 01:11:20.414101248,checkout-api,INC-0056,0.02929,0.01078
2026-09-09 01:16:20.414101248,checkout-api,INC-0056,0.03227,0.0106
2026-09-09 01:21:20.414101248,checkout-api,INC-0056,0.27613,0.0206
2026-09-09 01:26:20.414101248,checkout-api,INC-0056,0.02934,0.03037
2026-09-09 01:31:20.414101248,checkout-api,INC-0056,7e-05,0.00044
2026-09-09 01:36:20.414101248,checkout-api,INC-0056,0.00339,0.00415
2026-09-09 01:41:20.414101248,checkout-api,INC-0056,0.10225,0.0054
2026-09-09 01:46:20.414101248,checkout-api,INC-0056,0.08333,0.03178
2026-09-09 01:51:20.414101248,checkout-api,INC-0056,0.03658,0.00752
2026-09-09 02:54:54.427219456,search-api,INC-0005,0.33149,0.01361
2026-09-09 02:59:54.427219456,search-api,INC-0005,0.06694,0.0303
2026-09-09 03:04:54.427219456,search-api,INC-0005,0.81908,0.04577
2026-09-09 03:09:54.427219456,search-api,INC-0005,2.87279,0.01952
2026-09-09 03:14:54.427219456,search-api,INC-0005,0.1513,0.04081
2026-09-09 03:19:54.427219456,search-api,INC-0005,0.18586,0.00096
2026-09-09 03:24:54.427219456,search-api,INC-0005,2.36322,0.02649
2026-09-09 03:29:54.427219456,search-api,INC-0005,0.25539,0.08226
2026-09-09 03:34:54.427219456,search-api,INC-0005,0.00117,0.01511
2026-09-09 13:10:57.724461056,search-api,INC-0033,0.08029,0.0078
2026-09-09 13:15:57.724461056,search-api,INC-0033,0.12677,0.01336
2026-09-09 13:20:57.724461056,search-api,INC-0033,0.97939,0.02854
2026-09-09 13:25:57.724461056,search-api,INC-0033,0.89869,0.05047
2026-09-09 13:30:57.724461056,search-api,INC-0033,0.94294,0.14897
2026-09-09 13:35:57.724461056,search-api,INC-0033,0.00982,0.00235
2026-09-09 13:40:57.724461056,search-api,INC-0033,0.41157,0.00704
2026-09-09 13:45:57.724461056,search-api,INC-0033,1.72992,0.09124
2026-09-09 13:50:57.724461056,search-api,INC-0033,0.49315,0.22043
2026-09-09 13:55:57.724461056,search-api,INC-0033,1.24006,0.10911
2026-09-09 14:00:57.724461056,search-api,INC-0033,0.03333,0.00849
2026-09-09 14:05:57.724461056,search-api,INC-0033,0.06059,0.00886
2026-09-09 14:10:57.724461056,search-api,INC-0033,0.02219,0.02058
2026-09-09 21:20:13.092617472,billing-worker,INC-0014,0.06377,0.03245
2026-09-09 21:25:13.092617472,billing-worker,INC-0014,0.07358,0.08609
2026-09-09 21:30:13.092617472,billing-worker,INC-0014,0.98137,0.08959
2026-09-09 21:35:13.092617472,billing-worker,INC-0014,0.31972,0.1138
2026-09-09 21:40:13.092617472,billing-worker,INC-0014,0.39772,0.01083
2026-09-09 21:45:13.092617472,billing-worker,INC-0014,1.48513,0.06052
2026-09-09 21:50:13.092617472,billing-worker,INC-0014,0.0551,0.0037
2026-09-09 21:55:13.092617472,billing-worker,INC-0014,0.62561,0.04556
2026-09-09 22:00:13.092617472,billing-worker,INC-0014,0.1243,0.06742
2026-09-09 22:05:13.092617472,billing-worker,INC-0014,7e-05,0.01165
2026-09-10 13:38:33.562179840,notifications,INC-0039,0.03954,0.02933
2026-09-10 13:43:33.562179840,notifications,INC-0039,0.01148,0.00175
2026-09-10 13:48:33.562179840,notifications,INC-0039,0.05806,0.00382
2026-09-10 13:53:33.562179840,notifications,INC-0039,0.00543,0.00916
2026-09-10 13:58:33.562179840,notifications,INC-0039,0.02809,0.0149
2026-09-10 14:03:33.562179840,notifications,INC-0039,0.07059,0.00401
2026-09-10 14:08:33.562179840,notifications,INC-0039,0.01363,0.01339
2026-09-10 14:13:33.562179840,notifications,INC-0039,0.04952,0.01104
2026-09-10 14:18:33.562179840,notifications,INC-0039,0.03859,0.01262
2026-09-10 14:23:33.562179840,notifications,INC-0039,0.98081,0.00517
2026-09-10 14:28:33.562179840,notifications,INC-0039,0.25899,0.03143
2026-09-10 14:33:33.562179840,notifications,INC-0039,3.3813,0.04627
2026-09-10 14:38:33.562179840,notifications,INC-0039,0.30629,0.0718
2026-09-10 14:43:33.562179840,notifications,INC-0039,0.88907,0.14447
2026-09-10 14:48:33.562179840,notifications,INC-0039,0.23463,0.00881
2026-09-10 14:53:33.562179840,notifications,INC-0039,2.16423,0.0707
2026-09-10 14:58:33.562179840,notifications,INC-0039,0.51262,0.13715
2026-09-10 15:03:33.562179840,notifications,INC-0039,0.19995,0.01675
2026-09-10 15:08:33.562179840,notifications,INC-0039,0.01228,0.00102
2026-09-10 15:13:33.562179840,notifications,INC-0039,0.08526,0.00626
2026-09-10 15:18:33.562179840,notifications,INC-0039,0.02274,0.00252
2026-09-10 15:23:33.562179840,notifications,INC-0039,0.0593,0.00678
2026-09-10 15:28:33.562179840,notifications,INC-0039,0.04233,0.00021
2026-09-10 15:33:33.562179840,notifications,INC-0039,0.00133,0.01237
2026-09-10 15:38:33.562179840,notifications,INC-0039,0.09435,0.00651
2026-09-10 15:43:33.562179840,notifications,INC-0039,0.20641,0.00391
2026-09-10 15:48:33.562179840,notifications,INC-0039,0.02816,0.01374
2026-09-10 20:32:54.437750784,checkout-api,INC-0026,0.07525,0.00123
2026-09-10 20:37:54.437750784,checkout-api,INC-0026,0.03273,0.04016
2026-09-10 20:42:54.437750784,checkout-api,INC-0026,0.01217,0.02205
2026-09-10 20:47:54.437750784,checkout-api,INC-0026,0.07277,0.0283
2026-09-10 20:52:54.437750784,checkout-api,INC-0026,0.10306,0.00575
2026-09-10 20:57:54.437750784,checkout-api,INC-0026,0.20615,0.00053
2026-09-10 21:02:54.437750784,checkout-api,INC-0026,0.02503,0.00253
2026-09-10 21:07:54.437750784,checkout-api,INC-0026,0.06734,0.00324
2026-09-10 21:12:54.437750784,checkout-api,INC-0026,0.01254,0.00514
2026-09-10 21:17:54.437750784,checkout-api,INC-0026,0.17292,0.0008
2026-09-10 21:22:54.437750784,checkout-api,INC-0026,0.71574,0.21923
2026-09-10 21:27:54.437750784,checkout-api,INC-0026,0.23364,0.01032
2026-09-10 21:32:54.437750784,checkout-api,INC-0026,0.50508,0.01774
2026-09-10 21:37:54.437750784,checkout-api,INC-0026,0.05052,0.01376
2026-09-10 21:42:54.437750784,checkout-api,INC-0026,0.27652,0.02758
2026-09-10 21:47:54.437750784,checkout-api,INC-0026,0.53194,0.15983
2026-09-10 21:52:54.437750784,checkout-api,INC-0026,0.15681,0.0003
2026-09-10 21:57:54.437750784,checkout-api,INC-0026,1.69887,0.03703
2026-09-10 22:02:54.437750784,checkout-api,INC-0026,0.00533,0.01193
2026-09-10 22:07:54.437750784,checkout-api,INC-0026,0.04811,0.0013
2026-09-10 22:12:54.437750784,checkout-api,INC-0026,0.0583,0.00108
2026-09-10 22:17:54.437750784,checkout-api,INC-0026,0.12214,0.02806
2026-09-10 22:22:54.437750784,checkout-api,INC-0026,0.06679,0.00423
2026-09-10 22:27:54.437750784,checkout-api,INC-0026,0.07437,0.01181
2026-09-10 22:32:54.437750784,checkout-api,INC-0026,0.01904,0.00318
2026-09-10 22:37:54.437750784,checkout-api,INC-0026,0.01085,0.00565
2026-09-10 22:42:54.437750784,checkout-api,INC-0026,0.02978,0.02057
2026-09-10 22:47:54.437750784,checkout-api,INC-0026,0.0531,0.02889
2026-09-11 01:31:20.508960768,auth-service,INC-0019,0.82926,0.07276
2026-09-11 01:36:20.508960768,auth-service,INC-0019,0.85101,0.01133
2026-09-11 01:41:20.508960768,auth-service,INC-0019,0.0672,0.19462
2026-09-11 01:46:20.508960768,auth-service,INC-0019,0.68203,0.00198
2026-09-11 01:51:20.508960768,auth-service,INC-0019,0.09164,0.24595
2026-09-11 01:56:20.508960768,auth-service,INC-0019,0.48222,0.02403
2026-09-11 02:01:20.508960768,auth-service,INC-0019,0.47307,0.02562
2026-09-11 02:06:20.508960768,auth-service,INC-0019,0.0973,0.07148
2026-09-11 18:31:02.507146496,auth-service,INC-0057,0.06931,0.02874
2026-09-11 18:36:02.507146496,auth-service,INC-0057,0.01018,0.00324
2026-09-11 18:41:02.507146496,auth-service,INC-0057,0.00064,0.00776
2026-09-11 18:46:02.507146496,auth-service,INC-0057,0.14907,0.00294
2026-09-11 18:51:02.507146496,auth-service,INC-0057,0.01517,0.00128
2026-09-11 18:56:02.507146496,auth-service,INC-0057,0.00538,0.00802
2026-09-11 19:01:02.507146496,auth-service,INC-0057,0.05045,0.00934
2026-09-11 19:06:02.507146496,auth-service,INC-0057,0.00744,0.00883
2026-09-11 19:11:02.507146496,auth-service,INC-0057,0.0092,0.04386
2026-09-11 19:16:02.507146496,auth-service,INC-0057,3.3783,0.02291
2026-09-11 19:21:02.507146496,auth-service,INC-0057,0.3929,0.01943
2026-09-11 19:26:02.507146496,auth-service,INC-0057,0.46953,0.04279
2026-09-11 19:31:02.507146496,auth-service,INC-0057,0.30141,0.02136
2026-09-11 19:36:02.507146496,auth-service,INC-0057,0.43671,0.03551
2026-09-11 19:41:02.507146496,auth-service,INC-0057,1.64443,0.00035
2026-09-11 19:46:02.507146496,auth-service,INC-0057,1.31895,0.06928
2026-09-11 19:51:02.507146496,auth-service,INC-0057,0.17598,0.01136
2026-09-11 19:56:02.507146496,auth-service,INC-0057,0.00275,0.02829
2026-09-11 20:01:02.507146496,auth-service,INC-0057,0.09998,0.01375
2026-09-11 20:06:02.507146496,auth-service,INC-0057,0.06711,0.01385
2026-09-11 20:11:02.507146496,auth-service,INC-0057,0.00311,0.0019
2026-09-11 20:16:02.507146496,auth-service,INC-0057,0.1195,0.00477
2026-09-11 20:21:02.507146496,auth-service,INC-0057,0.02487,0.00323
2026-09-11 20:26:02.507146496,auth-service,INC-0057,0.10826,0.00689
2026-09-11 20:31:02.507146496,auth-service,INC-0057,0.09627,0.00107
2026-09-11 20:36:02.507146496,auth-service,INC-0057,0.01005,0.00599
2026-09-11 20:41:02.507146496,auth-service,INC-0057,0.02627,0.02562
2026-09-11 23:35:23.744730880,billing-worker,INC-0031,0.02359,0.00263
2026-09-11 23:40:23.744730880,billing-worker,INC-0031,0.02358,0.00972
2026-09-11 23:45:23.744730880,billing-worker,INC-0031,0.01486,0.00091
2026-09-11 23:50:23.744730880,billing-worker,INC-0031,0.01293,0.00373
2026-09-11 23:55:23.744730880,billing-worker,INC-0031,3.24046,0.07363
2026-09-12 00:00:23.744730880,billing-worker,INC-0031,0.03465,0.0631
2026-09-12 00:05:23.744730880,billing-worker,INC-0031,0.82199,0.12039
2026-09-12 00:10:23.744730880,billing-worker,INC-0031,0.05628,0.03517
2026-09-12 00:15:23.744730880,billing-worker,INC-0031,0.74226,0.06401
2026-09-12 00:20:23.744730880,billing-worker,INC-0031,0.77276,0.01831
2026-09-12 00:25:23.744730880,billing-worker,INC-0031,2.21541,0.11053
2026-09-12 00:30:23.744730880,billing-worker,INC-0031,0.13198,0.15051
2026-09-12 00:35:23.744730880,billing-worker,INC-0031,0.00549,0.00013
2026-09-12 00:40:23.744730880,billing-worker,INC-0031,0.0735,0.00716
2026-09-12 00:45:23.744730880,billing-worker,INC-0031,0.04338,0.00955
2026-09-12 00:50:23.744730880,billing-worker,INC-0031,0.02042,0.00334
2026-09-12 00:55:23.744730880,billing-worker,INC-0031,0.16018,0.00212
2026-09-12 11:04:01.836404224,search-api,INC-0015,0.0513,0.01289
2026-09-12 11:09:01.836404224,search-api,INC-0015,0.09218,0.00108
2026-09-12 11:14:01.836404224,search-api,INC-0015,3.25653,0.02314
2026-09-12 11:19:01.836404224,search-api,INC-0015,0.05075,0.15632
2026-09-12 11:24:01.836404224,search-api,INC-0015,0.34206,0.00609
2026-09-12 11:29:01.836404224,search-api,INC-0015,0.21083,0.07697
2026-09-12 11:34:01.836404224,search-api,INC-0015,0.44986,0.00852
2026-09-12 11:39:01.836404224,search-api,INC-0015,0.11978,0.47156
2026-09-12 11:44:01.836404224,search-api,INC-0015,0.77459,0.03421
2026-09-12 11:49:01.836404224,search-api,INC-0015,0.39934,0.00609
2026-09-12 11:54:01.836404224,search-api,INC-0015,0.00195,0.00125
2026-09-12 11:59:01.836404224,search-api,INC-0015,0.08122,0.01268
2026-09-13 01:55:29.617777408,notifications,INC-0017,0.00507,0.00705
2026-09-13 02:00:29.617777408,notifications,INC-0017,0.04646,0.01451
2026-09-13 02:05:29.617777408,notifications,INC-0017,0.06294,0.00054
2026-09-13 02:10:29.617777408,notifications,INC-0017,0.03018,0.00357
2026-09-13 02:15:29.617777408,notifications,INC-0017,0.00699,0.00811
2026-09-13 02:20:29.617777408,notifications,INC-0017,0.04244,0.01223
2026-09-13 02:25:29.617777408,notifications,INC-0017,0.23936,0.20141
2026-09-13 02:30:29.617777408,notifications,INC-0017,0.0384,0.01739
2026-09-13 02:35:29.617777408,notifications,INC-0017,1.22861,0.04486
2026-09-13 02:40:29.617777408,notifications,INC-0017,2.31561,0.00419
2026-09-13 02:45:29.617777408,notifications,INC-0017,2.05112,0.07146
2026-09-13 02:50:29.617777408,notifications,INC-0017,0.63292,0.02033
2026-09-13 02:55:29.617777408,notifications,INC-0017,0.43475,0.12813
2026-09-13 03:00:29.617777408,notifications,INC-0017,0.25328,0.05481
2026-09-13 03:05:29.617777408,notifications,INC-0017,0.01743,0.0163
2026-09-13 03:10:29.617777408,notifications,INC-0017,0.00959,0.00875
2026-09-13 03:15:29.617777408,notifications,INC-0017,0.08672,0.02342
2026-09-13 03:20:29.617777408,notifications,INC-0017,0.01537,0.01914
2026-09-13 03:25:29.617777408,notifications,INC-0017,0.08358,0.00407
2026-09-13 03:30:29.617777408,notifications,INC-0017,0.08306,0.00219
2026-09-13 03:35:29.617777408,notifications,INC-0017,0.0102,0.00087
2026-09-13 23:25:45.679608832,search-api,INC-0032,0.05946,0.01102
2026-09-13 23:30:45.679608832,search-api,INC-0032,0.00462,0.00167
2026-09-13 23:35:45.679608832,search-api,INC-0032,0.00376,0.0081
2026-09-13 23:40:45.679608832,search-api,INC-0032,0.13387,0.02164
2026-09-13 23:45:45.679608832,search-api,INC-0032,0.03996,0.03512
2026-09-13 23:50:45.679608832,search-api,INC-0032,0.03791,0.01712
2026-09-13 23:55:45.679608832,search-api,INC-0032,0.01305,0.0091
2026-09-14 00:00:45.679608832,search-api,INC-0032,0.01933,0.00337
2026-09-14 00:05:45.679608832,search-api,INC-0032,0.02701,0.00743
2026-09-14 00:10:45.679608832,search-api,INC-0032,0.0164,1e-05
2026-09-14 00:15:45.679608832,search-api,INC-0032,0.8941,0.00841
2026-09-14 00:20:45.679608832,search-api,INC-0032,0.49981,0.00468
2026-09-14 00:25:45.679608832,search-api,INC-0032,0.23524,0.0195
2026-09-14 00:30:45.679608832,search-api,INC-0032,0.24133,0.06687
2026-09-14 00:35:45.679608832,search-api,INC-0032,0.56959,0.00853
2026-09-14 00:40:45.679608832,search-api,INC-0032,0.61,0.00617
2026-09-14 00:45:45.679608832,search-api,INC-0032,0.09354,0.00758
2026-09-14 00:50:45.679608832,search-api,INC-0032,0.7107,0.02019
2026-09-14 00:55:45.679608832,search-api,INC-0032,0.07625,0.02306
2026-09-14 01:00:45.679608832,search-api,INC-0032,0.04584,0.02049
2026-09-14 01:05:45.679608832,search-api,INC-0032,0.02719,0.00485
2026-09-14 01:10:45.679608832,search-api,INC-0032,0.02021,0.00419
2026-09-14 01:15:45.679608832,search-api,INC-0032,0.01739,0.00152
2026-09-14 01:20:45.679608832,search-api,INC-0032,0.03209,0.0006
2026-09-14 01:25:45.679608832,search-api,INC-0032,0.02827,0.018
2026-09-14 01:30:45.679608832,search-api,INC-0032,0.03559,0.00158
2026-09-14 01:35:45.679608832,search-api,INC-0032,0.01548,0.00101
2026-09-14 01:40:45.679608832,search-api,INC-0032,0.03683,0.00579
2026-09-14 01:45:45.679608832,search-api,INC-0032,0.05753,0.0083
