ticket_id,created_at,category,priority,team,sla_min,resolution_min,rollback,sla_breached
T-00001,2026-08-02 17:31:00,service_request,P3,identity,120,363,0,1
T-00002,2026-09-05 15:43:00,service_request,P3,platform,480,304,0,0
T-00003,2026-08-17 08:51:00,incident,P2,identity,30,57,0,1
T-00004,2026-08-14 10:28:00,service_request,P4,payments,30,1253,0,1
T-00005,2026-08-01 11:29:00,incident,P3,identity,480,409,0,0
T-00006,2026-08-25 15:46:00,incident,P3,frontend,480,365,0,0
T-00007,2026-08-11 09:12:00,service_request,P4,platform,120,1233,0,1
T-00008,2026-09-03 11:17:00,service_request,P3,data,120,355,0,1
T-00009,2026-08-28 17:16:00,incident,P3,payments,1440,298,0,0
T-00010,2026-08-24 20:27:00,incident,P3,identity,480,362,0,0
T-00011,2026-08-31 14:37:00,incident,P2,platform,30,150,0,1
T-00012,2026-08-19 09:32:00,incident,P3,identity,1440,312,0,0
T-00013,2026-09-05 12:55:00,change,P3,identity,30,366,0,1
T-00014,2026-08-10 09:03:00,problem,P3,payments,480,402,0,0
T-00015,2026-08-11 15:30:00,incident,P1,data,1440,27,0,0
T-00016,2026-08-13 15:18:00,problem,P4,payments,1440,1164,0,0
T-00017,2026-08-26 10:39:00,change,P1,frontend,480,-6,0,0
T-00018,2026-08-24 11:10:00,change,P1,frontend,120,35,1,0
T-00019,2026-08-10 16:18:00,problem,P2,data,30,163,0,1
T-00020,2026-08-07 09:40:00,service_request,P2,frontend,1440,106,0,0
T-00021,2026-09-03 16:39:00,change,P4,platform,30,1192,0,1
T-00022,2026-09-08 17:10:00,incident,P3,platform,480,365,0,0
T-00023,2026-08-04 17:39:00,problem,P1,payments,1440,-618,0,0
T-00024,2026-08-17 22:25:00,service_request,P2,frontend,120,108,0,0
T-00025,2026-08-31 10:04:00,incident,P4,data,480,1217,0,1
T-00026,2026-08-05 18:21:00,incident,P3,frontend,1440,384,0,0
T-00027,2026-09-10 11:57:00,incident,P3,identity,30,292,0,1
T-00028,2026-09-01 12:26:00,incident,P3,frontend,480,361,0,0
T-00029,2026-08-04 16:54:00,service_request,P3,data,1440,353,0,0
T-00030,2026-09-02 16:26:00,service_request,P4,frontend,480,1207,0,1
T-00031,2026-08-11 15:59:00,service_request,P2,identity,1440,172,0,0
T-00032,2026-08-06 17:09:00,service_request,P2,frontend,480,76,0,0
T-00033,2026-09-04 10:58:00,incident,P4,frontend,480,1188,0,1
T-00034,2026-08-16 07:04:00,problem,P4,frontend,1440,1126,0,0
T-00035,2026-08-07 20:50:00,incident,P3,platform,480,376,0,0
T-00036,2026-08-22 20:11:00,service_request,P3,platform,120,355,0,1
T-00037,2026-08-25 12:10:00,service_request,P4,platform,120,1189,0,1
T-00038,2026-09-05 17:18:00,service_request,P1,data,120,-37,0,0
T-00039,2026-09-06 08:50:00,change,P1,payments,480,26,0,0
T-00040,2026-09-03 08:42:00,incident,P3,data,30,406,0,1
T-00041,2026-08-12 11:24:00,incident,P4,payments,480,1186,0,1
T-00042,2026-08-24 11:19:00,incident,P4,identity,480,1217,0,1
T-00043,2026-08-29 12:12:00,service_request,P3,platform,480,410,0,0
T-00044,2026-09-06 17:22:00,service_request,P1,platform,1440,22,0,0
T-00045,2026-09-02 10:33:00,incident,P3,payments,1440,372,0,0
T-00046,2026-08-13 11:17:00,incident,P3,identity,120,374,0,1
T-00047,2026-08-22 17:14:00,change,P3,data,480,317,0,0
T-00048,2026-08-03 07:12:00,change,P1,payments,1440,15,0,0
T-00049,2026-08-11 11:33:00,service_request,P3,identity,480,273,0,0
T-00050,2026-09-07 07:05:00,service_request,P4,payments,1440,1078,0,0
T-00051,2026-09-06 09:23:00,change,P4,data,480,1224,0,1
T-00052,2026-09-03 15:20:00,incident,P1,payments,120,0,0,0
T-00053,2026-08-15 10:06:00,incident,P1,identity,30,43,0,1
T-00054,2026-08-26 02:02:00,service_request,P1,platform,1440,30,0,0
T-00055,2026-08-08 09:34:00,incident,P2,frontend,120,107,0,0
T-00056,2026-08-04 12:44:00,incident,P1,platform,480,97,0,0
T-00057,2026-08-19 01:14:00,service_request,P2,data,480,81,0,0
T-00058,2026-08-04 09:20:00,change,P3,payments,1440,324,0,0
T-00059,2026-09-14 22:23:00,service_request,,data,120,321,0,1
T-00060,2026-09-11 07:17:00,problem,P3,identity,30,341,0,1
T-00061,2026-09-14 15:00:00,problem,P4,frontend,480,1222,0,1
T-00062,2026-08-05 17:24:00,change,P2,payments,480,12,1,0
T-00063,2026-08-18 11:13:00,service_request,P2,payments,480,98,0,0
T-00064,2026-09-08 09:29:00,service_request,P3,identity,1440,351,0,0
T-00065,2026-08-01 00:09:00,service_request,P2,frontend,480,157,0,0
T-00066,2026-09-04 11:17:00,problem,P4,identity,480,1118,0,1
T-00067,2026-08-12 18:54:00,change,P4,data,480,1156,0,1
T-00068,2026-08-18 09:56:00,change,P2,payments,1440,54,0,0
T-00069,2026-08-08 22:41:00,incident,P2,identity,480,36,0,0
T-00070,2026-09-01 10:23:00,service_request,P1,frontend,1440,99,0,0
T-00071,2026-09-02 14:54:00,problem,P1,identity,480,47,0,0
T-00072,2026-09-03 09:42:00,change,P4,identity,480,1177,0,1
T-00073,2026-08-05 18:34:00,service_request,P2,platform,480,171,0,0
T-00074,2026-08-28 12:29:00,change,P3,platform,480,379,0,0
T-00075,2026-09-10 09:48:00,problem,P3,payments,120,360,0,1
T-00076,2026-08-30 12:15:00,incident,P3,data,480,400,0,0
T-00077,2026-09-03 17:05:00,incident,P3,frontend,480,464,0,0
T-00078,2026-08-09 14:47:00,incident,P3,platform,120,383,0,1
T-00079,2026-08-18 14:57:00,incident,P3,platform,1440,307,0,0
T-00080,2026-08-15 09:16:00,problem,P3,frontend,120,388,0,1
T-00081,2026-08-27 09:49:00,incident,P3,identity,1440,348,0,0
T-00082,2026-08-16 14:48:00,service_request,P3,identity,120,391,0,1
T-00083,2026-08-07 15:24:00,service_request,P4,frontend,120,1242,0,1
T-00084,2026-09-10 12:38:00,problem,P1,payments,30,87,0,1
T-00085,2026-08-25 14:20:00,problem,P3,data,480,392,0,0
T-00086,2026-08-27 12:04:00,service_request,P3,payments,120,299,0,1
T-00087,2026-09-12 09:47:00,incident,P2,frontend,1440,57,0,0
T-00088,2026-08-19 12:36:00,change,P2,payments,120,78,0,0
T-00089,2026-08-13 15:25:00,incident,P4,identity,120,1224,0,1
T-00090,2026-08-21 15:40:00,incident,P3,platform,1440,316,0,0
T-00091,2026-09-05 15:28:00,service_request,P4,data,1440,1216,0,0
T-00092,2026-09-02 09:03:00,problem,P3,platform,120,324,0,1
T-00093,2026-08-26 17:40:00,incident,P2,platform,480,123,0,0
T-00094,2026-08-25 11:13:00,service_request,P3,,480,295,0,0
T-00095,2026-08-21 12:43:00,change,P3,platform,480,440,0,0
T-00096,2026-09-03 15:37:00,service_request,P4,frontend,120,1111,0,1
T-00097,2026-08-17 09:33:00,problem,P2,payments,120,40,0,0
T-00098,2026-08-07 15:43:00,incident,P2,payments,1440,66,0,0
T-00099,2026-09-02 11:37:00,problem,P1,data,30,26,0,0
T-00100,2026-09-01 17:12:00,incident,P4,identity,30,1156,0,1
T-00101,2026-09-01 14:39:00,incident,P3,platform,30,367,0,1
T-00102,2026-08-21 20:55:00,incident,P2,platform,120,201,0,1
T-00103,2026-08-25 21:15:00,service_request,P3,identity,120,378,0,1
T-00104,2026-08-26 14:29:00,incident,P3,payments,480,468,0,0
T-00105,2026-09-05 13:13:00,incident,P2,payments,480,110,0,0
T-00106,2026-08-24 08:08:00,incident,P1,frontend,1440,-25,0,0
T-00107,2026-08-25 14:06:00,service_request,P4,platform,480,1220,0,1
T-00108,2026-08-05 14:52:00,service_request,P1,data,480,6,0,0
T-00109,2026-08-26 17:32:00,incident,P4,payments,480,1245,0,1
T-00110,2026-08-27 11:09:00,incident,P1,payments,1440,14,0,0
T-00111,2026-09-01 12:58:00,service_request,P1,payments,480,-65,0,0
T-00112,2026-08-07 10:57:00,service_request,P3,platform,480,415,0,0
T-00113,2026-09-02 11:38:00,change,P4,identity,480,1168,0,1
T-00114,2026-09-05 12:57:00,service_request,P3,identity,120,351,0,1
T-00115,2026-08-28 12:58:00,service_request,P2,platform,120,95,0,0
T-00116,2026-09-04 15:25:00,incident,P1,payments,120,-15,0,0
T-00117,2026-09-08 10:40:00,incident,P1,platform,120,135,0,1
T-00118,2026-08-09 09:12:00,change,P4,payments,1440,1281,0,0
T-00119,2026-08-06 07:31:00,problem,P4,payments,120,1141,0,1
T-00120,2026-09-04 17:39:00,service_request,P3,identity,480,382,0,0
T-00121,2026-08-15 09:59:00,service_request,P2,data,120,46,0,0
T-00122,2026-09-11 14:08:00,incident,P1,frontend,480,-54,0,0
T-00123,2026-09-04 14:20:00,incident,P3,frontend,1440,338,0,0
T-00124,2026-08-06 14:59:00,incident,P2,frontend,120,81,0,0
T-00125,2026-08-11 14:33:00,service_request,P1,identity,480,5,0,0
T-00126,2026-09-07 17:44:00,service_request,P3,platform,1440,385,0,0
T-00127,2026-09-03 12:04:00,incident,P2,payments,480,41,0,0
T-00128,2026-09-05 10:18:00,change,P2,frontend,120,98,0,0
T-00129,2026-08-28 15:34:00,change,P4,data,480,1259,0,1
T-00130,2026-08-12 11:41:00,change,P3,platform,120,483,0,1
T-00131,2026-09-01 12:47:00,service_request,P3,platform,1440,347,0,0
T-00132,2026-08-20 12:53:00,incident,P3,identity,480,309,0,0
T-00133,2026-09-07 12:53:00,problem,P4,identity,120,1253,0,1
T-00134,2026-09-03 17:11:00,service_request,P3,platform,1440,3307,0,1
T-00135,2026-09-03 17:04:00,incident,P3,payments,480,326,0,0
T-00136,2026-09-05 14:31:00,service_request,P2,payments,120,1475,0,1
T-00137,2026-08-24 17:09:00,change,P2,platform,120,146,0,1
T-00138,2026-08-26 10:17:00,incident,P3,payments,480,314,0,0
T-00139,2026-08-14 10:29:00,incident,P4,platform,120,1260,0,1
T-00140,2026-08-29 17:34:00,incident,P2,payments,480,156,0,0
T-00141,2026-08-30 10:15:00,problem,P2,identity,1440,140,0,0
T-00142,2026-08-19 09:11:00,incident,P2,data,120,100,0,0
T-00143,2026-08-31 16:10:00,incident,P3,data,120,293,0,1
T-00144,2026-09-09 15:37:00,service_request,P3,identity,480,409,0,0
T-00145,2026-08-12 10:45:00,service_request,P3,platform,1440,391,0,0
T-00146,2026-08-21 14:13:00,change,P3,data,1440,362,0,0
T-00147,2026-09-06 14:31:00,incident,P3,payments,1440,240,0,0
T-00148,2026-08-04 10:22:00,change,P2,identity,480,130,1,0
T-00149,2026-08-04 16:04:00,service_request,P2,frontend,1440,64,0,0
T-00150,2026-08-23 12:42:00,incident,P1,data,480,128,0,0
T-00151,2026-08-26 11:18:00,problem,P2,payments,120,143,0,1
T-00152,2026-09-01 22:40:00,incident,P4,data,30,1203,0,1
T-00153,2026-09-02 10:26:00,service_request,P2,data,1440,180,0,0
T-00154,2026-09-09 12:13:00,change,P3,payments,480,395,0,0
T-00155,2026-08-25 14:22:00,change,P3,identity,120,354,0,1
T-00156,2026-08-30 12:58:00,incident,P1,payments,480,-29,0,0
T-00157,2026-09-01 12:56:00,service_request,P4,payments,480,1151,0,1
T-00158,2026-09-02 11:28:00,service_request,P4,payments,1440,1243,0,0
T-00159,2026-09-09 15:17:00,incident,P2,identity,1440,127,0,0
T-00160,2026-09-02 20:50:00,incident,P3,frontend,480,370,0,0
T-00161,2026-09-01 09:07:00,incident,,frontend,480,49,0,0
T-00162,2026-08-01 09:03:00,problem,P3,identity,480,399,0,0
T-00163,2026-08-12 14:06:00,service_request,P3,,120,297,0,1
T-00164,2026-08-17 11:12:00,change,P3,platform,120,474,0,1
T-00165,2026-09-09 09:25:00,incident,P3,identity,30,413,0,1
T-00166,2026-08-28 12:56:00,incident,P3,payments,120,305,0,1
T-00167,2026-08-05 16:02:00,incident,P2,frontend,480,26,0,0
T-00168,2026-09-09 11:51:00,service_request,P3,data,1440,385,0,0
T-00169,2026-08-12 16:10:00,service_request,P4,payments,1440,1142,0,0
T-00170,2026-08-07 12:58:00,service_request,P4,frontend,1440,1176,0,0
T-00171,2026-08-31 09:58:00,problem,P3,platform,30,413,0,1
T-00172,2026-09-05 21:33:00,incident,P4,identity,480,1130,0,1
T-00173,2026-08-25 18:36:00,service_request,P3,frontend,30,396,0,1
T-00174,2026-08-20 00:44:00,service_request,P4,platform,480,1156,0,1
T-00175,2026-09-08 17:43:00,service_request,P4,platform,120,1141,0,1
T-00176,2026-08-06 13:28:00,service_request,P3,platform,480,371,0,0
T-00177,2026-08-05 09:37:00,change,P3,payments,480,460,0,0
T-00178,2026-08-12 20:01:00,change,P3,payments,30,280,0,1
T-00179,2026-08-28 16:58:00,change,P1,identity,480,53,0,0
T-00180,2026-09-02 12:05:00,incident,P2,payments,1440,91,0,0
T-00181,2026-08-01 13:40:00,service_request,P4,platform,480,1191,0,1
T-00182,2026-09-08 07:45:00,incident,P3,frontend,120,292,0,1
T-00183,2026-08-26 16:48:00,change,P3,identity,120,421,0,1
T-00184,2026-08-05 23:37:00,incident,P4,payments,1440,1162,0,0
T-00185,2026-08-07 15:45:00,problem,P4,frontend,480,1186,0,1
T-00186,2026-08-28 16:28:00,problem,P2,data,1440,84,0,0
T-00187,2026-09-09 15:19:00,service_request,P2,payments,480,53,0,0
T-00188,2026-09-06 11:56:00,service_request,P2,identity,480,58,0,0
T-00189,2026-08-19 04:38:00,change,P2,payments,1440,153,0,0
T-00190,2026-08-06 17:31:00,incident,P4,identity,480,1208,0,1
T-00191,2026-08-04 15:01:00,service_request,P2,data,480,-18,0,0
T-00192,2026-08-06 14:18:00,service_request,P3,frontend,480,323,0,0
T-00193,2026-09-01 16:28:00,problem,P3,platform,480,298,0,0
T-00194,2026-08-15 09:34:00,service_request,P3,frontend,30,338,0,1
T-00195,2026-08-24 10:14:00,service_request,P2,data,30,168,0,1
T-00196,2026-09-08 14:24:00,incident,P3,frontend,1440,400,0,0
T-00197,2026-08-13 10:45:00,service_request,P3,identity,480,266,0,0
T-00198,2026-08-01 15:55:00,service_request,P2,platform,30,52,0,1
T-00199,2026-09-03 16:41:00,incident,P4,payments,480,1280,0,1
T-00200,2026-08-31 17:19:00,problem,,payments,480,101,0,0
T-00201,2026-09-09 11:18:00,incident,P3,frontend,1440,366,0,0
T-00202,2026-08-14 08:12:00,service_request,P2,payments,1440,65,0,0
T-00203,2026-08-17 15:12:00,problem,P4,platform,120,1169,0,1
T-00204,2026-08-05 14:38:00,service_request,P3,identity,480,454,0,0
T-00205,2026-08-15 14:18:00,change,P4,data,480,1230,0,1
T-00206,2026-08-10 07:11:00,change,P2,identity,120,122,0,1
T-00207,2026-08-31 17:33:00,incident,P4,frontend,480,1118,0,1
T-00208,2026-08-07 17:41:00,problem,P1,identity,480,-51,0,0
T-00209,2026-09-07 06:34:00,incident,P4,platform,30,1203,0,1
T-00210,2026-09-10 08:33:00,incident,P2,frontend,1440,91,0,0
T-00211,2026-08-23 13:15:00,change,P3,identity,480,374,0,0
T-00212,2026-08-11 17:14:00,incident,P3,identity,480,478,0,0
T-00213,2026-09-08 00:09:00,incident,P4,frontend,480,1230,0,1
T-00214,2026-08-18 11:45:00,incident,P3,data,1440,420,0,0
T-00215,2026-09-13 16:22:00,service_request,,data,30,331,0,1
T-00216,2026-08-08 09:24:00,service_request,P3,platform,480,354,0,0
T-00217,2026-08-27 12:14:00,problem,P3,platform,480,261,0,0
T-00218,2026-08-14 12:50:00,incident,P3,frontend,480,388,0,0
T-00219,2026-08-26 22:37:00,service_request,P4,identity,480,1133,0,1
T-00220,2026-09-01 12:00:00,incident,P2,payments,480,46,0,0
T-00221,2026-08-17 17:40:00,change,P2,frontend,1440,125,0,0
T-00222,2026-08-30 01:41:00,change,P3,data,480,432,0,0
T-00223,2026-08-28 14:19:00,incident,P1,frontend,30,39,0,1
T-00224,2026-09-10 16:19:00,problem,P2,payments,120,83,0,0
T-00225,2026-08-14 13:21:00,incident,P3,frontend,1440,372,0,0
T-00226,2026-08-11 11:09:00,service_request,P4,payments,480,1220,0,1
T-00227,2026-09-07 08:39:00,change,P3,data,480,356,1,0
T-00228,2026-08-11 16:57:00,change,P4,platform,480,1156,0,1
T-00229,2026-08-25 14:38:00,incident,P2,identity,480,156,0,0
T-00230,2026-08-30 16:48:00,service_request,P4,data,120,1259,0,1
T-00231,2026-09-08 14:03:00,incident,P3,payments,480,380,0,0
T-00232,2026-09-10 12:10:00,incident,P4,frontend,480,1222,0,1
T-00233,2026-08-27 16:12:00,problem,P1,payments,480,28,0,0
T-00234,2026-09-02 16:01:00,service_request,P2,identity,120,165,0,1
T-00235,2026-08-10 00:59:00,incident,P3,identity,120,307,0,1
T-00236,2026-08-12 10:13:00,service_request,P3,platform,480,373,0,0
T-00237,2026-08-20 14:19:00,incident,P3,payments,30,378,0,1
T-00238,2026-08-26 07:57:00,incident,P3,frontend,120,406,0,1
T-00239,2026-08-10 13:34:00,incident,P1,payments,480,25,0,0
T-00240,2026-08-18 12:10:00,service_request,P4,frontend,1440,24313,0,1
T-00241,2026-08-04 14:35:00,service_request,P3,identity,1440,400,0,0
T-00242,2026-09-09 16:18:00,incident,P2,payments,30,99,0,1
T-00243,2026-09-08 17:48:00,incident,P4,frontend,30,1173,0,1
T-00244,2026-08-11 09:55:00,service_request,P3,payments,30,330,0,1
T-00245,2026-09-13 15:23:00,problem,P2,payments,1440,157,0,0
T-00246,2026-08-12 15:23:00,incident,P1,platform,480,-77,0,0
T-00247,2026-09-14 10:09:00,problem,P4,frontend,480,1189,0,1
T-00248,2026-08-31 19:46:00,incident,P4,payments,120,1185,0,1
T-00249,2026-08-24 14:59:00,service_request,P2,payments,480,192,0,0
T-00250,2026-09-08 11:34:00,change,P2,identity,480,131,0,0
T-00251,2026-09-03 22:48:00,service_request,P3,frontend,1440,332,0,0
T-00252,2026-08-14 00:46:00,incident,P2,identity,480,171,0,0
T-00253,2026-08-10 11:27:00,problem,P3,identity,1440,395,0,0
T-00254,2026-08-17 14:16:00,incident,P3,platform,1440,443,0,0
T-00255,2026-09-06 09:28:00,service_request,P4,payments,480,1255,0,1
T-00256,2026-08-19 11:44:00,change,P3,frontend,480,384,0,0
T-00257,2026-08-28 12:06:00,change,P3,frontend,120,403,0,1
T-00258,2026-08-29 16:23:00,incident,P3,frontend,1440,355,0,0
T-00259,2026-08-29 14:12:00,service_request,P4,platform,480,1195,0,1
T-00260,2026-08-10 14:37:00,change,P4,identity,480,1190,0,1
T-00261,2026-08-19 16:57:00,incident,P3,data,1440,372,0,0
T-00262,2026-08-15 14:51:00,incident,P3,data,1440,315,0,0
T-00263,2026-08-20 12:56:00,service_request,P2,identity,30,92,0,1
T-00264,2026-08-26 14:26:00,service_request,P3,identity,480,370,0,0
T-00265,2026-09-05 22:28:00,incident,P4,frontend,120,1232,0,1
T-00266,2026-08-15 14:00:00,change,P3,payments,480,465,0,0
T-00267,2026-09-03 15:11:00,problem,P3,platform,480,367,0,0
T-00268,2026-08-30 03:51:00,service_request,P3,data,480,296,0,0
T-00269,2026-09-04 14:56:00,service_request,P3,payments,120,351,0,1
T-00270,2026-08-27 12:51:00,service_request,P4,data,1440,1235,0,0
T-00271,2026-08-12 10:07:00,incident,P1,data,480,57,0,0
T-00272,2026-08-11 16:56:00,service_request,P2,platform,1440,175,0,0
T-00273,2026-08-06 11:37:00,incident,P3,data,120,394,0,1
T-00274,2026-08-12 09:29:00,service_request,P4,platform,120,1259,0,1
T-00275,2026-08-15 14:14:00,change,P3,platform,120,348,0,1
T-00276,2026-09-10 15:22:00,incident,P2,data,1440,722,0,0
T-00277,2026-08-20 15:29:00,incident,P3,identity,120,387,0,1
T-00278,2026-08-27 10:20:00,incident,P3,frontend,480,333,0,0
T-00279,2026-09-11 10:58:00,change,P3,identity,120,363,0,1
T-00280,2026-09-14 17:01:00,incident,P1,data,480,-17,0,0
T-00281,2026-08-23 18:14:00,change,P3,data,30,313,1,1
T-00282,2026-08-29 07:41:00,service_request,P3,frontend,1440,341,0,0
T-00283,2026-08-04 15:57:00,service_request,P4,payments,480,1252,0,1
T-00284,2026-08-26 16:59:00,incident,P1,identity,120,91,0,0
T-00285,2026-08-23 15:21:00,incident,P3,payments,1440,400,0,0
T-00286,2026-08-26 02:15:00,incident,P2,platform,120,112,0,0
T-00287,2026-09-06 12:50:00,change,P3,identity,1440,363,0,0
T-00288,2026-08-15 14:50:00,service_request,P4,frontend,120,1171,0,1
T-00289,2026-08-18 17:13:00,incident,P4,frontend,120,1225,0,1
T-00290,2026-08-29 16:40:00,incident,P3,,480,414,0,0
T-00291,2026-09-08 18:06:00,incident,P3,frontend,480,309,0,0
T-00292,2026-09-11 10:30:00,incident,P3,platform,120,378,0,1
T-00293,2026-08-09 14:29:00,problem,P3,frontend,480,336,0,0
T-00294,2026-09-11 17:54:00,change,P2,platform,1440,84,0,0
T-00295,2026-08-17 11:52:00,problem,P4,payments,480,1191,0,1
T-00296,2026-09-07 14:01:00,service_request,P2,platform,120,85,0,0
T-00297,2026-08-13 11:03:00,incident,P4,frontend,480,1245,0,1
T-00298,2026-09-04 17:48:00,service_request,P4,,120,1272,0,1
T-00299,2026-09-07 08:38:00,incident,P1,data,480,-68,0,0
T-00300,2026-08-29 14:22:00,incident,P2,platform,480,192,0,0
T-00301,2026-09-08 14:25:00,incident,P4,payments,30,1193,0,1
T-00302,2026-08-21 16:59:00,problem,P2,platform,480,189,0,0
T-00303,2026-08-21 14:00:00,incident,P1,data,480,50,0,0
T-00304,2026-09-14 09:50:00,change,P4,frontend,1440,1214,0,0
T-00305,2026-08-27 17:45:00,service_request,P2,frontend,120,106,0,0
T-00306,2026-08-23 11:03:00,incident,P3,frontend,120,370,0,1
T-00307,2026-08-23 12:59:00,incident,P2,,120,205,0,1
T-00308,2026-09-05 07:41:00,service_request,P4,data,1440,1230,0,0
T-00309,2026-08-20 17:11:00,incident,P1,payments,1440,50,0,0
T-00310,2026-09-03 17:52:00,incident,P1,frontend,120,55,0,0
T-00311,2026-08-26 16:07:00,change,P4,platform,120,1280,0,1
T-00312,2026-08-27 08:44:00,incident,P2,data,480,17,0,0
T-00313,2026-08-30 12:59:00,incident,P3,payments,1440,361,0,0
T-00314,2026-08-02 15:14:00,incident,P3,identity,1440,389,0,0
T-00315,2026-08-06 10:29:00,change,P3,frontend,480,438,0,0
T-00316,2026-08-17 14:07:00,incident,P1,frontend,480,-44,0,0
T-00317,2026-09-06 07:52:00,incident,P4,payments,1440,1172,0,0
T-00318,2026-09-03 14:24:00,incident,P1,frontend,30,68,0,1
T-00319,2026-08-28 21:37:00,service_request,P3,payments,480,326,0,0
T-00320,2026-08-29 08:11:00,incident,P2,payments,480,1772,0,1
T-00321,2026-08-19 09:43:00,incident,P4,payments,120,1234,0,1
T-00322,2026-09-09 14:51:00,incident,P4,platform,30,22376,0,1
T-00323,2026-08-03 16:22:00,incident,P1,platform,480,22,0,0
T-00324,2026-08-19 09:04:00,service_request,P4,data,120,1214,0,1
T-00325,2026-08-22 09:16:00,service_request,P1,platform,120,17,0,0
T-00326,2026-08-28 09:50:00,incident,P4,identity,120,1197,0,1
T-00327,2026-09-10 17:30:00,incident,P3,frontend,480,299,0,0
T-00328,2026-08-21 12:32:00,incident,P3,data,480,359,0,0
T-00329,2026-08-15 06:51:00,change,P4,identity,1440,1147,0,0
T-00330,2026-08-12 12:55:00,problem,P2,identity,1440,73,0,0
T-00331,2026-09-09 09:57:00,incident,P4,identity,480,1188,0,1
T-00332,2026-08-17 16:43:00,service_request,P3,identity,1440,6787,0,1
T-00333,2026-09-10 09:14:00,change,P3,payments,480,436,0,0
T-00334,2026-08-24 00:24:00,incident,P4,payments,30,1245,0,1
T-00335,2026-08-10 16:07:00,incident,P4,payments,120,1296,0,1
T-00336,2026-08-29 11:13:00,service_request,P4,identity,480,1082,0,1
T-00337,2026-08-03 16:00:00,service_request,P4,payments,480,1193,0,1
T-00338,2026-08-17 15:10:00,incident,P2,data,480,93,0,0
T-00339,2026-08-05 10:11:00,change,P3,platform,30,325,0,1
T-00340,2026-08-14 12:51:00,problem,P3,platform,480,388,0,0
T-00341,2026-08-24 12:11:00,incident,P3,data,480,311,0,0
T-00342,2026-09-08 21:07:00,incident,P4,identity,1440,1147,0,0
T-00343,2026-08-04 10:33:00,incident,P1,data,120,70,0,0
T-00344,2026-09-08 22:38:00,service_request,P4,data,480,1245,0,1
T-00345,2026-08-19 10:42:00,change,P4,frontend,1440,1295,0,0
T-00346,2026-08-27 09:43:00,service_request,P2,identity,480,175,0,0
T-00347,2026-09-06 17:52:00,incident,P2,identity,30,248,0,1
T-00348,2026-09-10 18:22:00,incident,P4,platform,480,1213,0,1
T-00349,2026-08-22 15:38:00,incident,P2,frontend,30,15,0,0
T-00350,2026-09-08 15:40:00,service_request,P1,data,480,35,0,0
T-00351,2026-08-11 16:06:00,change,P2,platform,30,193,0,1
T-00352,2026-08-20 14:33:00,service_request,P4,data,480,1128,0,1
T-00353,2026-08-12 08:47:00,change,P2,platform,120,145,0,1
T-00354,2026-09-10 17:00:00,problem,P2,identity,30,94,0,1
T-00355,2026-09-10 09:43:00,incident,P4,payments,480,1239,0,1
T-00356,2026-08-23 09:42:00,incident,P2,platform,1440,73,0,0
T-00357,2026-09-12 12:16:00,problem,P3,payments,30,363,0,1
T-00358,2026-09-08 17:34:00,change,P3,platform,120,357,0,1
T-00359,2026-08-20 17:51:00,service_request,P1,data,480,27,0,0
T-00360,2026-08-15 12:07:00,incident,P3,platform,480,409,0,0
T-00361,2026-08-25 10:24:00,service_request,P4,identity,1440,1118,0,0
T-00362,2026-09-14 19:27:00,service_request,P3,identity,1440,186,0,0
T-00363,2026-08-17 12:45:00,service_request,P3,,480,402,0,0
T-00364,2026-08-14 14:51:00,service_request,P2,data,480,102,0,0
T-00365,2026-08-25 09:26:00,change,P2,payments,480,125,0,0
T-00366,2026-09-11 16:18:00,incident,P3,payments,30,459,0,1
T-00367,2026-08-04 10:02:00,service_request,P2,platform,120,73,0,0
T-00368,2026-08-22 17:18:00,incident,P2,frontend,480,-1,0,0
T-00369,2026-08-10 15:58:00,service_request,P4,payments,120,1208,0,1
T-00370,2026-09-12 12:14:00,service_request,P4,payments,120,1070,0,1
T-00371,2026-08-04 19:14:00,service_request,P2,payments,1440,211,0,0
T-00372,2026-08-18 10:55:00,incident,P2,data,480,1,0,0
T-00373,2026-09-02 08:36:00,change,P4,frontend,480,1181,0,1
T-00374,2026-09-14 12:53:00,incident,,identity,120,216,0,1
T-00375,2026-08-06 10:30:00,incident,P4,platform,120,1048,0,1
T-00376,2026-08-18 14:28:00,incident,P1,platform,1440,57,0,0
T-00377,2026-09-07 09:30:00,incident,P3,identity,1440,284,0,0
T-00378,2026-08-15 11:01:00,incident,P2,identity,480,107,0,0
T-00379,2026-09-12 07:33:00,problem,P3,platform,120,319,0,1
T-00380,2026-08-27 15:25:00,service_request,P3,,120,369,0,1
T-00381,2026-08-26 16:11:00,incident,P2,platform,120,183,0,1
T-00382,2026-08-10 16:13:00,incident,P3,platform,480,419,0,0
T-00383,2026-08-31 16:48:00,service_request,P4,frontend,1440,1236,0,0
T-00384,2026-09-06 16:36:00,service_request,P4,data,120,1190,0,1
T-00385,2026-08-21 10:59:00,incident,P3,payments,1440,273,0,0
T-00386,2026-08-10 09:05:00,incident,P3,identity,120,346,0,1
T-00387,2026-09-01 10:50:00,problem,P2,identity,480,84,0,0
T-00388,2026-09-05 10:09:00,incident,P3,identity,120,386,0,1
T-00389,2026-09-14 15:48:00,change,P4,payments,480,1245,0,1
T-00390,2026-08-15 09:28:00,change,P4,frontend,120,1205,0,1
T-00391,2026-09-04 16:12:00,service_request,P2,identity,1440,101,0,0
T-00392,2026-09-02 16:31:00,service_request,P4,frontend,480,1261,0,1
T-00393,2026-08-28 11:29:00,incident,P3,payments,480,241,0,0
T-00394,2026-09-08 01:33:00,service_request,P2,data,1440,42,0,0
T-00395,2026-08-18 15:20:00,service_request,P2,payments,480,61,0,0
T-00396,2026-09-11 09:37:00,incident,P4,platform,480,18987,0,1
T-00397,2026-08-25 18:19:00,service_request,P3,,120,406,0,1
T-00398,2026-08-16 22:12:00,service_request,P3,data,1440,417,0,0
T-00399,2026-08-27 13:45:00,change,P3,data,1440,407,0,0
T-00400,2026-09-08 10:47:00,incident,P3,platform,120,355,0,1
T-00401,2026-08-27 14:35:00,incident,P3,data,120,328,0,1
T-00402,2026-08-25 11:23:00,change,P2,frontend,480,90,0,0
T-00403,2026-08-07 12:05:00,service_request,P2,identity,480,211,0,0
T-00404,2026-08-09 14:59:00,service_request,,identity,480,356,0,0
T-00405,2026-08-30 12:14:00,change,P4,frontend,480,1219,0,1
T-00406,2026-08-02 14:31:00,incident,P3,identity,30,436,0,1
T-00407,2026-09-04 15:00:00,problem,P2,platform,1440,28,0,0
T-00408,2026-08-07 17:50:00,incident,P3,data,1440,349,0,0
T-00409,2026-09-13 14:59:00,problem,P2,identity,1440,175,0,0
T-00410,2026-08-27 09:14:00,service_request,P2,data,480,148,0,0
T-00411,2026-08-17 09:15:00,incident,P3,payments,30,362,0,1
T-00412,2026-08-14 14:49:00,problem,P4,payments,480,1241,0,1
T-00413,2026-08-17 07:47:00,incident,P2,data,120,62,0,0
T-00414,2026-08-30 14:47:00,service_request,P4,platform,30,1242,0,1
T-00415,2026-08-17 10:17:00,change,P3,payments,480,281,0,0
T-00416,2026-09-09 20:50:00,service_request,P4,identity,1440,1226,0,0
T-00417,2026-09-03 12:19:00,incident,P2,platform,480,109,0,0
T-00418,2026-08-20 16:14:00,service_request,P2,payments,480,105,0,0
T-00419,2026-08-22 10:31:00,service_request,P1,identity,480,-24,0,0
T-00420,2026-08-18 17:14:00,incident,P1,frontend,30,1,0,0
T-00421,2026-09-08 09:10:00,change,P3,identity,480,373,0,0
T-00422,2026-08-21 10:20:00,problem,P3,data,1440,402,0,0
T-00423,2026-09-08 09:21:00,incident,P3,platform,120,370,0,1
T-00424,2026-08-22 12:14:00,incident,P3,frontend,120,325,0,1
T-00425,2026-08-10 12:37:00,change,P2,identity,1440,86,0,0
T-00426,2026-08-03 20:11:00,service_request,P3,frontend,30,320,0,1
T-00427,2026-08-03 08:19:00,incident,P2,platform,120,104,0,0
T-00428,2026-09-07 11:03:00,change,P1,frontend,120,63,1,0
T-00429,2026-09-13 07:25:00,change,P1,frontend,1440,31,0,0
T-00430,2026-08-19 18:55:00,change,P3,identity,480,259,1,0
T-00431,2026-09-02 09:44:00,incident,P3,,120,377,0,1
T-00432,2026-09-04 15:28:00,service_request,P1,identity,1440,-73,0,0
T-00433,2026-09-07 18:21:00,service_request,P3,frontend,480,290,0,0
T-00434,2026-08-04 07:10:00,change,P2,frontend,480,99,0,0
T-00435,2026-09-08 10:00:00,incident,P4,payments,1440,1188,0,0
T-00436,2026-08-28 17:42:00,incident,P3,platform,480,416,0,0
T-00437,2026-09-12 10:18:00,incident,P3,frontend,120,470,0,1
T-00438,2026-08-27 09:15:00,incident,P1,identity,120,37,0,0
T-00439,2026-08-07 09:02:00,incident,P3,identity,30,417,0,1
T-00440,2026-08-17 10:45:00,change,,payments,30,1285,0,1
T-00441,2026-08-10 07:32:00,change,P1,data,120,-5,0,0
T-00442,2026-09-04 10:14:00,incident,P4,identity,120,1151,0,1
T-00443,2026-08-11 12:47:00,change,P1,identity,480,5,0,0
T-00444,2026-08-13 13:37:00,problem,P3,payments,30,429,0,1
T-00445,2026-09-02 20:33:00,service_request,P4,platform,1440,1223,0,0
T-00446,2026-08-28 12:41:00,service_request,P4,platform,480,1236,0,1
T-00447,2026-09-11 15:59:00,change,P2,frontend,1440,46,0,0
T-00448,2026-08-28 11:19:00,incident,P3,identity,480,409,0,0
T-00449,2026-08-01 09:54:00,incident,P2,identity,120,87,0,0
T-00450,2026-08-28 13:50:00,incident,P2,platform,1440,127,0,0
T-00451,2026-08-11 18:04:00,incident,P4,platform,120,1102,0,1
T-00452,2026-08-27 10:14:00,incident,P4,data,480,1239,0,1
T-00453,2026-09-02 16:41:00,incident,P2,payments,120,104,0,0
T-00454,2026-08-22 17:49:00,incident,P3,payments,480,391,0,0
T-00455,2026-09-07 15:22:00,change,P4,payments,120,1242,0,1
T-00456,2026-09-06 17:21:00,service_request,P4,platform,480,1276,0,1
T-00457,2026-08-11 15:50:00,problem,P3,identity,1440,374,0,0
T-00458,2026-08-26 11:55:00,change,P1,identity,120,82,1,0
T-00459,2026-09-07 13:46:00,incident,P3,payments,480,389,0,0
T-00460,2026-08-31 12:17:00,incident,P1,platform,30,32,0,1
T-00461,2026-08-21 14:25:00,incident,P3,payments,120,323,0,1
T-00462,2026-08-12 10:43:00,service_request,,platform,1440,-4,0,0
T-00463,2026-08-20 12:08:00,change,P4,data,480,1157,0,1
T-00464,2026-08-13 12:44:00,problem,P3,payments,120,290,0,1
T-00465,2026-08-22 12:48:00,incident,P2,identity,1440,70,0,0
T-00466,2026-08-24 15:54:00,change,P3,platform,480,392,0,0
T-00467,2026-08-07 12:39:00,service_request,P3,identity,30,440,0,1
T-00468,2026-08-26 15:29:00,service_request,P3,platform,120,267,0,1
T-00469,2026-08-21 09:36:00,service_request,P3,platform,480,369,0,0
T-00470,2026-08-20 12:36:00,change,P4,data,480,1194,0,1
T-00471,2026-08-10 11:11:00,service_request,P3,frontend,120,320,0,1
T-00472,2026-08-27 12:51:00,service_request,P2,,120,75,0,0
T-00473,2026-09-10 17:58:00,problem,P3,platform,30,460,0,1
T-00474,2026-08-16 12:36:00,incident,P3,payments,30,340,0,1
T-00475,2026-08-30 16:46:00,incident,P3,identity,1440,359,0,0
T-00476,2026-09-11 16:01:00,incident,P2,data,480,133,0,0
T-00477,2026-09-10 16:12:00,incident,P4,payments,30,-10,0,0
T-00478,2026-09-08 13:43:00,change,P3,frontend,30,385,0,1
T-00479,2026-08-10 15:10:00,service_request,P3,data,1440,269,0,0
T-00480,2026-08-22 15:06:00,service_request,P2,identity,120,42,0,0
T-00481,2026-09-08 11:58:00,problem,P3,payments,120,343,0,1
T-00482,2026-09-07 14:07:00,change,P4,identity,120,1131,0,1
T-00483,2026-08-21 15:17:00,service_request,P2,identity,120,170,0,1
T-00484,2026-08-18 17:10:00,incident,P3,payments,120,387,0,1
T-00485,2026-09-01 15:59:00,change,P2,identity,480,106,0,0
T-00486,2026-08-25 17:26:00,incident,P3,frontend,1440,265,0,0
T-00487,2026-09-09 17:29:00,incident,P2,data,1440,209,0,0
T-00488,2026-08-31 09:12:00,change,P1,identity,480,-63,1,0
T-00489,2026-08-07 15:01:00,incident,P2,platform,1440,164,0,0
T-00490,2026-08-01 15:10:00,incident,P2,frontend,1440,93,0,0
T-00491,2026-08-05 16:25:00,problem,P4,identity,480,1213,0,1
T-00492,2026-08-28 11:22:00,change,P3,payments,120,303,0,1
T-00493,2026-09-03 10:22:00,incident,P4,payments,1440,1086,0,0
T-00494,2026-09-02 11:54:00,change,P4,payments,120,1193,1,1
T-00495,2026-09-10 09:47:00,incident,P1,frontend,120,15,0,0
T-00496,2026-09-08 16:33:00,incident,P3,payments,480,409,0,0
T-00497,2026-09-14 11:46:00,change,P2,frontend,120,80,0,0
T-00498,2026-08-14 14:57:00,problem,P1,frontend,1440,-12,0,0
T-00499,2026-08-28 16:11:00,change,P4,platform,30,13847,0,1
T-00500,2026-09-14 14:28:00,change,P4,payments,480,1166,0,1
T-00501,2026-08-03 15:57:00,incident,P1,identity,120,128,0,1
T-00502,2026-08-27 10:24:00,change,P4,payments,1440,1173,0,0
T-00503,2026-08-15 11:16:00,problem,P4,platform,480,1131,0,1
T-00504,2026-08-25 17:57:00,incident,P3,payments,1440,487,0,0
T-00505,2026-08-21 11:33:00,incident,P3,data,1440,323,0,0
T-00506,2026-08-18 09:27:00,incident,P3,data,480,373,0,0
T-00507,2026-08-31 20:15:00,change,P3,platform,120,380,0,1
T-00508,2026-09-07 09:34:00,service_request,P3,identity,120,398,0,1
T-00509,2026-08-18 11:43:00,incident,P4,platform,1440,1312,0,0
T-00510,2026-08-22 16:53:00,incident,P4,data,120,1090,0,1
T-00511,2026-09-01 07:40:00,incident,P1,data,1440,40,0,0
T-00512,2026-08-07 14:45:00,incident,P4,identity,30,1247,0,1
T-00513,2026-08-12 09:41:00,incident,P2,identity,120,42,0,0
T-00514,2026-08-13 08:03:00,incident,P2,platform,120,82,0,0
T-00515,2026-09-02 09:57:00,service_request,P4,frontend,120,1181,0,1
T-00516,2026-08-15 13:38:00,change,P2,platform,120,126,0,1
T-00517,2026-08-14 15:12:00,incident,P3,payments,480,336,0,0
T-00518,2026-08-03 11:10:00,service_request,P3,platform,480,370,0,0
T-00519,2026-09-01 16:02:00,service_request,P2,data,480,0,0,0
T-00520,2026-09-11 15:02:00,service_request,P4,platform,120,1176,0,1
T-00521,2026-08-04 14:58:00,change,P4,data,480,1132,0,1
T-00522,2026-08-13 19:44:00,incident,P3,identity,120,285,0,1
T-00523,2026-08-18 23:27:00,problem,P3,payments,480,361,0,0
T-00524,2026-08-05 08:47:00,problem,P2,identity,480,122,0,0
T-00525,2026-08-17 16:50:00,service_request,P4,identity,1440,1160,0,0
T-00526,2026-09-12 11:23:00,incident,P2,platform,120,185,0,1
T-00527,2026-08-02 12:16:00,service_request,P4,platform,480,1165,0,1
T-00528,2026-08-06 10:41:00,problem,P2,frontend,480,131,0,0
T-00529,2026-08-19 11:23:00,service_request,P3,platform,1440,408,0,0
T-00530,2026-08-25 09:05:00,problem,P3,frontend,1440,377,0,0
T-00531,2026-08-17 10:20:00,incident,P4,payments,1440,1238,0,0
T-00532,2026-08-29 09:05:00,incident,P3,payments,1440,326,0,0
T-00533,2026-08-16 17:43:00,incident,P2,platform,1440,141,0,0
T-00534,2026-08-28 15:24:00,service_request,P3,identity,30,330,0,1
T-00535,2026-08-06 16:04:00,incident,P2,identity,120,138,0,1
T-00536,2026-08-25 09:43:00,service_request,P1,identity,30,697,0,1
T-00537,2026-08-22 16:16:00,incident,P2,data,1440,131,0,0
T-00538,2026-08-23 11:34:00,problem,,payments,30,149,0,1
T-00539,2026-09-14 23:27:00,service_request,P2,platform,1440,137,0,0
T-00540,2026-08-12 19:22:00,service_request,P3,platform,480,406,0,0
T-00541,2026-08-18 11:40:00,service_request,P3,frontend,480,318,0,0
T-00542,2026-08-03 09:29:00,incident,,identity,1440,391,0,0
T-00543,2026-08-07 16:10:00,incident,P3,platform,120,390,0,1
T-00544,2026-08-02 22:00:00,incident,P2,identity,120,28,0,0
T-00545,2026-08-03 10:50:00,incident,P2,,480,69,0,0
T-00546,2026-08-19 15:59:00,change,P3,,480,371,0,0
T-00547,2026-09-11 12:54:00,incident,P4,identity,1440,1153,0,0
T-00548,2026-08-13 10:07:00,service_request,P4,identity,480,1170,0,1
T-00549,2026-08-24 08:39:00,change,P2,frontend,30,122,0,1
T-00550,2026-09-09 12:24:00,service_request,P3,platform,120,395,0,1
T-00551,2026-09-11 09:37:00,incident,P3,platform,480,364,0,0
T-00552,2026-09-11 16:56:00,change,P2,identity,120,107,0,0
T-00553,2026-08-02 17:02:00,change,P2,data,1440,73,0,0
T-00554,2026-09-14 12:12:00,service_request,P2,data,480,157,0,0
T-00555,2026-08-31 12:01:00,incident,P2,payments,480,133,0,0
T-00556,2026-08-12 20:40:00,incident,P2,payments,1440,143,0,0
T-00557,2026-08-28 15:49:00,incident,P2,identity,120,52,0,0
T-00558,2026-08-26 14:41:00,incident,P3,data,120,344,0,1
T-00559,2026-09-03 12:16:00,incident,P2,platform,30,175,0,1
T-00560,2026-08-24 17:36:00,incident,P2,data,1440,181,0,0
T-00561,2026-09-07 11:20:00,change,P4,payments,120,1303,0,1
T-00562,2026-09-04 16:51:00,incident,P3,frontend,480,258,0,0
T-00563,2026-08-30 15:22:00,service_request,P4,payments,480,17869,0,1
T-00564,2026-08-11 15:51:00,incident,P2,platform,480,161,0,0
T-00565,2026-08-28 17:25:00,problem,P2,payments,1440,84,0,0
T-00566,2026-08-03 19:18:00,service_request,P3,data,1440,332,0,0
T-00567,2026-08-20 10:38:00,service_request,P3,platform,1440,399,0,0
T-00568,2026-08-12 17:46:00,incident,P2,payments,480,-42,0,0
T-00569,2026-09-14 02:17:00,service_request,P3,platform,30,288,0,1
T-00570,2026-08-17 14:58:00,change,P3,payments,480,323,1,0
T-00571,2026-08-26 15:52:00,incident,P3,data,480,365,0,0
T-00572,2026-08-14 11:02:00,change,P4,platform,1440,18688,0,1
T-00573,2026-09-07 21:36:00,incident,P4,payments,120,1196,0,1
T-00574,2026-08-04 17:10:00,incident,P2,identity,120,130,0,1
T-00575,2026-08-14 11:46:00,change,P4,frontend,120,1157,0,1
T-00576,2026-09-12 15:56:00,service_request,P2,payments,30,35,0,1
T-00577,2026-09-03 17:46:00,problem,P2,data,30,70,0,1
T-00578,2026-09-05 09:47:00,service_request,P1,payments,480,-46,0,0
T-00579,2026-08-24 09:07:00,service_request,P3,identity,480,324,0,0
T-00580,2026-09-07 10:21:00,incident,P2,frontend,120,177,0,1
T-00581,2026-08-19 15:39:00,incident,P2,payments,480,105,0,0
T-00582,2026-09-13 23:52:00,incident,,platform,1440,92,0,0
T-00583,2026-09-09 11:23:00,service_request,P2,frontend,120,115,0,0
T-00584,2026-08-20 12:24:00,incident,P3,frontend,120,385,0,1
T-00585,2026-08-06 03:17:00,change,P3,frontend,30,296,0,1
T-00586,2026-08-27 11:24:00,incident,P3,identity,480,330,0,0
T-00587,2026-08-22 15:06:00,change,P1,payments,1440,0,0,0
T-00588,2026-08-16 10:14:00,change,P3,frontend,480,312,0,0
T-00589,2026-08-05 17:28:00,incident,P4,identity,1440,1125,0,0
T-00590,2026-09-11 17:43:00,incident,P4,data,120,1169,0,1
T-00591,2026-08-02 10:16:00,incident,P4,identity,120,1194,0,1
T-00592,2026-09-04 11:07:00,incident,P3,data,120,319,0,1
T-00593,2026-08-17 11:26:00,incident,P4,frontend,120,1286,0,1
T-00594,2026-09-10 16:32:00,service_request,P2,data,480,85,0,0
T-00595,2026-09-10 15:27:00,service_request,P3,,1440,311,0,0
T-00596,2026-08-30 15:54:00,incident,,platform,120,292,0,1
T-00597,2026-08-06 11:08:00,change,P2,identity,30,137,0,1
T-00598,2026-08-12 09:28:00,incident,P4,data,1440,1216,0,0
T-00599,2026-08-14 23:17:00,change,P4,payments,120,1163,0,1
T-00600,2026-08-09 08:35:00,problem,P4,frontend,1440,1226,0,0
T-00601,2026-08-11 01:48:00,incident,P4,data,120,1174,0,1
T-00602,2026-08-27 15:40:00,incident,P2,payments,120,183,0,1
T-00603,2026-08-10 01:44:00,incident,P3,identity,120,398,0,1
T-00604,2026-09-10 14:38:00,incident,P3,data,480,396,0,0
T-00605,2026-08-14 09:48:00,incident,P3,frontend,1440,304,0,0
T-00606,2026-08-08 09:33:00,incident,P1,data,480,19,0,0
T-00607,2026-08-13 03:47:00,service_request,,payments,120,334,0,1
T-00608,2026-08-27 11:33:00,incident,P4,payments,480,1167,0,1
T-00609,2026-09-09 16:16:00,service_request,P3,payments,1440,365,0,0
T-00610,2026-09-01 11:38:00,incident,P3,platform,1440,336,0,0
T-00611,2026-08-11 15:33:00,incident,P4,frontend,1440,1162,0,0
T-00612,2026-08-26 10:44:00,incident,P2,data,480,88,0,0
T-00613,2026-09-05 10:48:00,service_request,P3,platform,120,424,0,1
T-00614,2026-09-09 15:00:00,service_request,P4,identity,120,1278,0,1
T-00615,2026-08-26 15:23:00,incident,P4,identity,1440,1192,0,0
T-00616,2026-08-21 09:32:00,incident,P4,frontend,480,1206,0,1
T-00617,2026-08-04 14:51:00,change,P3,data,480,356,0,0
T-00618,2026-08-02 17:03:00,incident,P3,data,480,371,0,0
T-00619,2026-09-08 11:53:00,service_request,P4,data,120,1230,0,1
T-00620,2026-08-25 15:42:00,change,P3,identity,30,306,0,1
T-00621,2026-08-24 11:47:00,incident,P3,data,1440,315,0,0
T-00622,2026-08-08 07:27:00,incident,P4,frontend,1440,1256,0,0
T-00623,2026-08-06 11:21:00,incident,P3,identity,120,330,0,1
T-00624,2026-08-28 19:30:00,problem,P3,frontend,1440,358,0,0
T-00625,2026-09-13 15:56:00,problem,P3,identity,480,392,0,0
T-00626,2026-09-01 11:23:00,incident,P3,platform,480,231,0,0
T-00627,2026-09-04 12:50:00,change,P3,data,1440,390,0,0
T-00628,2026-08-08 10:49:00,incident,P2,frontend,480,155,0,0
T-00629,2026-09-11 15:53:00,service_request,P2,identity,120,59,0,0
T-00630,2026-09-02 12:54:00,service_request,P3,identity,480,342,0,0
T-00631,2026-08-10 21:09:00,incident,P4,platform,120,1172,0,1
T-00632,2026-08-06 17:58:00,incident,P4,platform,120,1233,0,1
T-00633,2026-08-17 12:28:00,change,P2,data,480,151,0,0
T-00634,2026-09-08 16:01:00,incident,P2,platform,480,139,0,0
T-00635,2026-09-01 16:54:00,change,P3,payments,480,334,0,0
T-00636,2026-08-12 15:09:00,incident,P2,data,480,118,0,0
T-00637,2026-08-28 19:14:00,service_request,P2,identity,120,6,0,0
T-00638,2026-08-27 17:43:00,change,P1,payments,480,-88,0,0
T-00639,2026-08-21 09:37:00,incident,P1,frontend,480,107,0,0
T-00640,2026-08-25 11:11:00,incident,P4,data,1440,1188,0,0
T-00641,2026-08-16 09:00:00,change,P3,data,480,292,0,0
T-00642,2026-08-31 22:39:00,service_request,P2,identity,1440,75,0,0
T-00643,2026-08-13 11:51:00,incident,P3,frontend,30,346,0,1
T-00644,2026-08-15 14:47:00,service_request,P3,payments,120,395,0,1
T-00645,2026-09-13 17:20:00,incident,P3,identity,1440,370,0,0
T-00646,2026-08-20 11:53:00,problem,P4,payments,1440,1156,0,0
T-00647,2026-08-25 17:43:00,incident,P3,platform,1440,296,0,0
T-00648,2026-08-25 11:50:00,problem,P1,,480,75,0,0
T-00649,2026-08-03 17:18:00,service_request,P3,payments,480,327,0,0
T-00650,2026-08-16 09:18:00,incident,P3,identity,120,476,0,1
T-00651,2026-09-08 12:09:00,incident,P3,data,480,361,0,0
T-00652,2026-09-10 07:40:00,change,P2,identity,480,147,0,0
T-00653,2026-08-12 10:04:00,change,P3,identity,480,442,0,0
T-00654,2026-09-09 08:16:00,incident,P4,platform,120,1273,0,1
T-00655,2026-09-10 14:39:00,incident,P4,data,480,1208,0,1
T-00656,2026-08-02 17:41:00,incident,P3,data,480,362,0,0
T-00657,2026-08-22 16:55:00,service_request,P3,identity,30,3970,0,1
T-00658,2026-08-30 08:14:00,change,P1,identity,120,-10,0,0
T-00659,2026-09-01 09:20:00,change,P3,payments,30,349,0,1
T-00660,2026-08-17 11:48:00,incident,P3,platform,480,412,0,0
T-00661,2026-09-14 14:25:00,change,P4,data,480,1216,0,1
T-00662,2026-08-17 12:43:00,service_request,P1,platform,1440,79,0,0
T-00663,2026-08-28 09:33:00,service_request,P3,frontend,1440,440,0,0
T-00664,2026-09-07 12:32:00,change,P4,frontend,120,1201,0,1
T-00665,2026-08-18 08:29:00,incident,P2,frontend,480,45,0,0
T-00666,2026-09-04 11:34:00,problem,P4,identity,1440,1269,0,0
T-00667,2026-09-11 11:11:00,change,P2,platform,1440,-28,0,0
T-00668,2026-08-09 13:40:00,problem,P2,platform,1440,28,0,0
T-00669,2026-08-07 09:39:00,incident,P2,payments,120,122,0,1
T-00670,2026-09-04 18:52:00,service_request,P2,platform,1440,25,0,0
T-00671,2026-08-07 15:44:00,incident,P2,frontend,480,146,0,0
T-00672,2026-08-14 12:37:00,service_request,P3,data,480,330,0,0
T-00673,2026-09-04 09:00:00,service_request,P4,payments,30,1224,0,1
T-00674,2026-08-13 15:05:00,service_request,P4,platform,120,1230,0,1
T-00675,2026-09-03 11:27:00,incident,P4,identity,1440,1159,0,0
T-00676,2026-08-02 17:40:00,incident,P4,frontend,1440,1224,0,0
T-00677,2026-09-07 10:59:00,incident,P4,identity,120,1206,0,1
T-00678,2026-09-09 15:39:00,problem,P3,payments,480,355,0,0
T-00679,2026-08-21 10:36:00,change,P3,data,120,308,0,1
T-00680,2026-08-03 12:09:00,incident,P2,frontend,120,168,0,1
T-00681,2026-08-26 07:14:00,problem,P3,payments,120,428,0,1
T-00682,2026-08-26 11:33:00,incident,P3,,120,3159,0,1
T-00683,2026-08-13 07:39:00,service_request,P3,identity,120,274,0,1
T-00684,2026-09-14 08:53:00,incident,P3,identity,30,343,0,1
T-00685,2026-08-21 13:08:00,service_request,P4,data,120,21369,0,1
T-00686,2026-08-03 16:50:00,incident,P3,payments,30,422,0,1
T-00687,2026-09-13 16:46:00,incident,P3,payments,480,370,0,0
T-00688,2026-08-07 01:24:00,service_request,P3,identity,120,352,0,1
T-00689,2026-08-16 12:15:00,change,P1,frontend,480,98,0,0
T-00690,2026-09-13 15:15:00,change,P3,frontend,120,377,0,1
T-00691,2026-08-28 10:31:00,incident,P3,data,30,416,0,1
T-00692,2026-09-08 07:26:00,service_request,P3,identity,480,321,0,0
T-00693,2026-08-18 16:16:00,service_request,P3,frontend,1440,430,0,0
T-00694,2026-08-28 14:30:00,service_request,P1,identity,480,-822,0,0
T-00695,2026-08-01 14:38:00,problem,P2,identity,1440,146,0,0
T-00696,2026-08-18 05:21:00,service_request,P2,payments,30,80,0,1
T-00697,2026-09-12 11:54:00,incident,P1,platform,1440,34,0,0
T-00698,2026-08-30 18:08:00,service_request,P2,payments,120,57,0,0
T-00699,2026-08-17 03:30:00,problem,P4,frontend,480,1221,0,1
T-00700,2026-09-08 10:39:00,service_request,P2,identity,480,1551,0,1
T-00701,2026-08-05 09:59:00,incident,P3,platform,120,282,0,1
T-00702,2026-09-14 16:12:00,incident,P4,identity,120,1144,0,1
T-00703,2026-08-19 04:41:00,change,P4,identity,480,1178,0,1
T-00704,2026-09-10 10:11:00,incident,P2,frontend,480,95,0,0
T-00705,2026-08-07 13:53:00,service_request,P3,identity,480,314,0,0
T-00706,2026-09-08 10:21:00,service_request,P2,data,120,115,0,0
T-00707,2026-08-30 17:05:00,problem,P4,platform,30,1160,0,1
T-00708,2026-09-10 17:18:00,incident,P3,payments,480,352,0,0
T-00709,2026-08-13 15:24:00,incident,P3,payments,120,320,0,1
T-00710,2026-09-01 17:57:00,change,P4,identity,30,1301,0,1
T-00711,2026-08-12 09:28:00,service_request,P3,identity,120,267,0,1
T-00712,2026-08-24 15:59:00,incident,P2,platform,30,-1,0,0
T-00713,2026-08-10 05:59:00,service_request,P2,identity,1440,43,0,0
T-00714,2026-08-05 14:05:00,service_request,P4,identity,1440,1192,0,0
T-00715,2026-08-20 10:09:00,change,P4,frontend,480,-1,0,0
T-00716,2026-09-09 10:24:00,incident,P4,data,30,1236,0,1
T-00717,2026-08-14 14:28:00,incident,P3,identity,1440,5841,0,1
T-00718,2026-09-10 16:05:00,incident,P3,data,30,326,0,1
T-00719,2026-08-03 09:21:00,problem,P1,frontend,1440,43,0,0
T-00720,2026-09-02 14:53:00,service_request,P4,identity,480,1232,0,1
T-00721,2026-08-08 09:33:00,incident,P4,frontend,120,1259,0,1
T-00722,2026-09-14 11:17:00,service_request,P2,data,30,103,0,1
T-00723,2026-08-26 15:34:00,incident,P3,platform,120,215,0,1
T-00724,2026-08-16 10:42:00,service_request,P4,frontend,480,1183,0,1
T-00725,2026-08-24 14:39:00,incident,,payments,480,1170,0,1
T-00726,2026-08-06 09:10:00,incident,P3,frontend,30,346,0,1
T-00727,2026-08-31 11:33:00,change,P4,payments,1440,1126,0,0
T-00728,2026-09-14 11:27:00,incident,P2,frontend,480,99,0,0
T-00729,2026-08-01 17:49:00,incident,P3,platform,480,356,0,0
T-00730,2026-09-04 17:19:00,service_request,P2,payments,120,35,0,0
T-00731,2026-08-28 14:46:00,incident,P3,platform,120,341,0,1
T-00732,2026-08-28 14:30:00,service_request,P3,identity,480,423,0,0
T-00733,2026-08-29 16:30:00,incident,P1,identity,480,44,0,0
T-00734,2026-08-15 17:11:00,incident,P2,frontend,480,-28,0,0
T-00735,2026-08-28 08:51:00,incident,P2,platform,480,138,0,0
T-00736,2026-08-03 04:30:00,problem,P4,platform,120,1250,0,1
T-00737,2026-09-07 11:46:00,incident,P2,payments,480,90,0,0
T-00738,2026-08-13 10:17:00,service_request,P2,identity,1440,60,0,0
T-00739,2026-08-31 14:17:00,incident,P3,identity,480,350,0,0
T-00740,2026-08-13 09:59:00,problem,P4,identity,1440,1114,0,0
T-00741,2026-09-04 11:43:00,incident,P2,payments,30,96,0,1
T-00742,2026-08-04 10:12:00,service_request,P2,data,480,44,0,0
T-00743,2026-08-14 19:25:00,service_request,P3,data,480,341,0,0
T-00744,2026-09-10 09:50:00,incident,P2,frontend,1440,150,0,0
T-00745,2026-09-01 16:41:00,incident,P2,platform,1440,155,0,0
T-00746,2026-08-21 11:59:00,incident,P2,,1440,31,0,0
T-00747,2026-09-04 08:07:00,incident,P3,frontend,480,334,0,0
T-00748,2026-08-28 02:18:00,change,P2,platform,1440,124,0,0
T-00749,2026-08-22 09:29:00,service_request,P4,payments,120,1204,0,1
T-00750,2026-09-05 09:29:00,problem,P2,payments,120,42,0,0
T-00751,2026-09-10 14:53:00,change,,payments,120,1190,0,1
T-00752,2026-08-28 11:17:00,incident,P2,payments,480,103,0,0
T-00753,2026-09-14 23:17:00,incident,P3,identity,30,370,0,1
T-00754,2026-09-05 15:04:00,incident,P2,payments,480,176,0,0
T-00755,2026-08-21 09:47:00,incident,P4,platform,480,1180,0,1
T-00756,2026-08-27 15:39:00,service_request,P3,data,120,313,0,1
T-00757,2026-08-10 11:39:00,incident,P4,payments,480,1246,0,1
T-00758,2026-08-30 12:22:00,problem,P2,platform,480,247,0,0
T-00759,2026-08-26 16:29:00,incident,P4,identity,480,1287,0,1
T-00760,2026-08-07 16:03:00,service_request,P4,platform,480,1289,0,1
T-00761,2026-08-02 15:57:00,incident,P4,frontend,1440,1240,0,0
T-00762,2026-08-01 08:35:00,incident,P2,payments,480,107,0,0
T-00763,2026-09-07 15:01:00,change,P2,platform,480,27,0,0
T-00764,2026-09-14 14:07:00,incident,P4,payments,480,1167,0,1
T-00765,2026-09-04 14:34:00,change,P3,frontend,120,380,0,1
T-00766,2026-09-10 15:07:00,change,P3,payments,480,326,0,0
T-00767,2026-08-26 14:16:00,service_request,P3,frontend,120,409,0,1
T-00768,2026-08-03 16:12:00,service_request,P2,data,480,112,0,0
T-00769,2026-08-13 17:10:00,incident,P2,data,1440,114,0,0
T-00770,2026-08-18 12:04:00,service_request,P2,identity,480,136,0,0
T-00771,2026-08-24 10:54:00,incident,P1,data,480,457,0,0
T-00772,2026-08-21 16:48:00,incident,P3,platform,120,283,0,1
T-00773,2026-08-31 16:12:00,change,P2,identity,480,53,0,0
T-00774,2026-08-11 07:48:00,incident,P2,data,480,1923,0,1
T-00775,2026-09-11 15:23:00,change,P2,frontend,480,75,0,0
T-00776,2026-08-18 17:07:00,change,P3,data,1440,419,0,0
T-00777,2026-09-06 17:53:00,problem,P4,platform,1440,1199,0,0
T-00778,2026-08-21 17:45:00,incident,P2,data,1440,102,0,0
T-00779,2026-08-20 11:29:00,service_request,P3,identity,1440,309,0,0
T-00780,2026-08-19 15:41:00,service_request,P1,payments,480,52,0,0
T-00781,2026-08-14 10:19:00,incident,P2,payments,120,107,0,0
T-00782,2026-09-02 12:20:00,incident,P2,identity,120,2185,0,1
T-00783,2026-08-28 11:44:00,incident,P3,,120,326,0,1
T-00784,2026-08-25 15:44:00,incident,P4,identity,480,0,0,0
T-00785,2026-08-20 11:22:00,incident,P3,payments,480,362,0,0
T-00786,2026-08-21 09:01:00,incident,P3,platform,480,354,0,0
T-00787,2026-08-04 09:29:00,service_request,P2,payments,480,151,0,0
T-00788,2026-08-13 11:43:00,service_request,P1,data,480,49,0,0
T-00789,2026-08-14 09:08:00,incident,P3,payments,480,345,0,0
T-00790,2026-08-27 15:34:00,service_request,P1,payments,120,23,0,0
T-00791,2026-08-17 17:38:00,incident,P3,platform,480,348,0,0
T-00792,2026-08-28 16:44:00,incident,P2,frontend,1440,133,0,0
T-00793,2026-08-10 00:26:00,service_request,P2,platform,480,48,0,0
T-00794,2026-08-29 15:39:00,service_request,P3,payments,480,469,0,0
T-00795,2026-09-07 11:34:00,service_request,P2,data,480,99,0,0
T-00796,2026-08-14 10:49:00,service_request,P3,data,480,290,0,0
T-00797,2026-08-27 10:23:00,service_request,P2,identity,480,140,0,0
T-00798,2026-08-19 14:20:00,incident,,data,120,71,0,0
T-00799,2026-08-19 17:55:00,change,P4,data,120,1239,0,1
T-00800,2026-09-12 10:36:00,problem,P1,data,1440,52,0,0
T-00801,2026-08-24 16:21:00,problem,P3,identity,1440,288,0,0
T-00802,2026-09-08 17:29:00,service_request,P3,identity,480,330,0,0
T-00803,2026-08-18 14:57:00,incident,P2,data,30,168,0,1
T-00804,2026-08-06 07:39:00,service_request,P3,frontend,1440,332,0,0
T-00805,2026-08-18 10:27:00,incident,P3,frontend,1440,424,0,0
T-00806,2026-08-20 14:17:00,change,P3,data,480,458,0,0
T-00807,2026-08-20 15:25:00,service_request,P2,identity,1440,109,0,0
T-00808,2026-09-14 16:19:00,incident,P2,frontend,1440,139,0,0
T-00809,2026-08-19 11:22:00,incident,P1,platform,480,43,0,0
T-00810,2026-09-10 11:18:00,service_request,P3,data,480,301,0,0
T-00811,2026-09-14 15:15:00,incident,P3,data,120,255,0,1
T-00812,2026-09-09 17:54:00,problem,P2,data,1440,116,0,0
T-00813,2026-09-01 12:09:00,incident,P3,platform,480,2101,0,1
T-00814,2026-08-11 11:51:00,incident,P4,data,480,1119,0,1
T-00815,2026-09-12 17:44:00,change,P4,data,480,1213,0,1
T-00816,2026-08-27 17:39:00,incident,P3,data,480,331,0,0
T-00817,2026-08-10 08:57:00,service_request,P3,platform,1440,353,0,0
T-00818,2026-09-02 17:10:00,incident,P3,data,1440,318,0,0
T-00819,2026-09-07 16:47:00,change,P2,frontend,1440,175,0,0
T-00820,2026-08-07 16:38:00,incident,P1,identity,120,9,0,0
T-00821,2026-08-20 10:33:00,service_request,P3,identity,480,395,0,0
T-00822,2026-08-06 09:38:00,incident,P3,platform,480,288,0,0
T-00823,2026-08-24 17:53:00,incident,P1,payments,30,51,0,1
T-00824,2026-08-18 15:58:00,incident,P3,payments,480,331,0,0
T-00825,2026-08-11 10:49:00,incident,P3,identity,480,351,0,0
T-00826,2026-08-18 18:28:00,service_request,P2,data,480,189,0,0
T-00827,2026-08-23 10:35:00,incident,P2,,120,75,0,0
T-00828,2026-09-03 10:05:00,service_request,P4,platform,480,1219,0,1
T-00829,2026-08-19 14:35:00,incident,P4,identity,480,1225,0,1
T-00830,2026-08-20 07:24:00,change,P2,frontend,480,-13,0,0
T-00831,2026-09-10 17:10:00,service_request,P3,platform,120,380,0,1
T-00832,2026-08-15 17:06:00,incident,P3,identity,120,359,0,1
T-00833,2026-08-27 08:41:00,incident,P3,identity,480,420,0,0
T-00834,2026-09-03 18:06:00,change,P3,payments,1440,386,0,0
T-00835,2026-08-08 09:46:00,problem,P3,platform,1440,421,0,0
T-00836,2026-08-28 12:59:00,problem,P4,frontend,480,1185,0,1
T-00837,2026-08-05 20:54:00,incident,P3,payments,480,300,0,0
T-00838,2026-09-14 09:21:00,service_request,P3,payments,120,340,0,1
T-00839,2026-08-23 12:24:00,change,P2,identity,480,0,0,0
T-00840,2026-08-18 09:17:00,service_request,P4,identity,120,1184,0,1
T-00841,2026-08-23 12:32:00,problem,P2,payments,480,104,0,0
T-00842,2026-09-01 16:28:00,change,P2,identity,120,71,0,0
T-00843,2026-09-01 12:07:00,change,P1,frontend,480,-18,0,0
T-00844,2026-09-02 10:01:00,incident,P1,frontend,120,63,0,0
T-00845,2026-09-08 16:51:00,service_request,P1,frontend,120,72,0,0
T-00846,2026-08-03 12:36:00,service_request,P2,platform,480,39,0,0
T-00847,2026-08-11 16:09:00,service_request,P2,data,120,55,0,0
T-00848,2026-08-13 14:17:00,incident,P3,platform,480,389,0,0
T-00849,2026-09-14 21:39:00,incident,P1,identity,120,36,0,0
T-00850,2026-08-23 14:06:00,service_request,P2,identity,120,142,0,1
T-00851,2026-09-07 18:56:00,service_request,,frontend,1440,321,0,0
T-00852,2026-08-06 12:47:00,incident,P3,identity,120,259,0,1
T-00853,2026-08-05 16:54:00,change,P3,frontend,120,352,0,1
T-00854,2026-08-21 15:55:00,incident,P3,payments,1440,422,0,0
T-00855,2026-09-02 14:01:00,incident,P3,identity,1440,354,0,0
T-00856,2026-09-07 08:36:00,incident,P3,identity,480,2079,0,1
T-00857,2026-09-03 12:15:00,incident,P3,identity,480,389,0,0
T-00858,2026-09-06 07:32:00,service_request,P3,frontend,1440,336,0,0
T-00859,2026-08-14 07:49:00,change,P3,identity,1440,419,1,0
T-00860,2026-08-05 11:34:00,service_request,P3,data,1440,226,0,0
T-00861,2026-08-15 11:09:00,service_request,P4,frontend,480,1144,0,1
T-00862,2026-09-03 17:38:00,problem,P3,platform,480,417,0,0
T-00863,2026-08-11 10:05:00,service_request,P4,platform,120,1139,0,1
T-00864,2026-08-21 08:17:00,service_request,P3,identity,1440,369,0,0
T-00865,2026-09-06 18:25:00,problem,P2,frontend,120,99,0,0
T-00866,2026-08-25 12:42:00,incident,P2,frontend,1440,130,0,0
T-00867,2026-08-06 15:26:00,incident,P3,data,120,361,0,1
T-00868,2026-09-08 13:40:00,service_request,P3,identity,120,244,0,1
T-00869,2026-08-21 07:08:00,service_request,P1,identity,1440,-39,0,0
T-00870,2026-08-25 12:22:00,incident,P2,data,480,137,0,0
T-00871,2026-08-10 17:22:00,service_request,P1,data,1440,-15,0,0
T-00872,2026-08-22 09:45:00,service_request,P3,platform,120,376,0,1
T-00873,2026-09-01 12:01:00,incident,P3,data,480,396,0,0
T-00874,2026-09-09 12:03:00,incident,P3,identity,120,412,0,1
T-00875,2026-08-26 10:04:00,change,P4,payments,1440,1157,0,0
T-00876,2026-08-03 16:22:00,incident,P3,frontend,480,327,0,0
T-00877,2026-08-16 12:54:00,change,P2,frontend,120,169,0,1
T-00878,2026-08-12 07:24:00,change,P2,identity,480,166,0,0
T-00879,2026-08-17 11:56:00,incident,P4,,120,1218,0,1
T-00880,2026-08-06 12:49:00,service_request,P2,platform,120,105,0,0
T-00881,2026-08-14 11:30:00,problem,P1,data,480,43,0,0
T-00882,2026-09-11 14:36:00,incident,P3,data,120,327,0,1
T-00883,2026-08-01 16:08:00,incident,P4,platform,1440,1129,0,0
T-00884,2026-08-24 16:53:00,incident,P4,data,1440,1253,0,0
T-00885,2026-08-14 11:30:00,incident,P2,frontend,120,153,0,1
T-00886,2026-08-05 10:30:00,incident,P1,data,120,16,0,0
T-00887,2026-08-12 15:32:00,incident,P3,identity,480,314,0,0
T-00888,2026-09-13 15:09:00,incident,P4,platform,1440,1171,0,0
T-00889,2026-08-24 03:49:00,change,P3,data,480,309,0,0
T-00890,2026-09-08 16:53:00,service_request,P3,identity,480,392,0,0
T-00891,2026-09-01 12:40:00,incident,P4,data,120,1226,0,1
T-00892,2026-08-23 16:28:00,service_request,,frontend,480,344,0,0
T-00893,2026-08-19 13:31:00,incident,P3,frontend,480,437,0,0
T-00894,2026-08-28 09:29:00,service_request,P2,payments,480,74,0,0
T-00895,2026-09-12 09:08:00,incident,P3,frontend,480,357,0,0
T-00896,2026-08-18 18:52:00,problem,P3,frontend,480,347,0,0
T-00897,2026-09-14 12:58:00,incident,P3,identity,480,263,0,0
T-00898,2026-09-07 09:33:00,service_request,P4,payments,1440,1249,0,0
T-00899,2026-08-27 14:34:00,service_request,P3,frontend,120,407,0,1
T-00900,2026-08-07 09:06:00,service_request,P4,identity,480,1183,0,1
